,Month,Year,County,RH_percent
0,1,2010,Butte,83.38375986075938
1,1,2010,Del Norte,82.72291660714288
2,1,2010,Fresno,84.53442034328349
3,1,2010,Glenn,80.64239926923075
4,1,2010,Imperial,55.95032049999998
5,1,2010,Inyo,49.188536733333315
6,1,2010,Kern,82.2931763636363
7,1,2010,Lake,86.50789834615381
8,1,2010,Los Angeles,58.238107047619
9,1,2010,Madera,83.55246914814815
10,1,2010,Marin,89.55204853846152
11,1,2010,Mariposa,55.68110035999998
12,1,2010,Orange,57.80849363461535
13,1,2010,Placer,85.46537833333333
14,1,2010,Riverside,56.558245769911444
15,1,2010,Sacramento,88.0657613064515
16,1,2010,San Benito,67.76811595652173
17,1,2010,San Bernardino,55.746044931297675
18,1,2010,San Diego,61.297325185185144
19,1,2010,San Joaquin,83.57371799999997
20,1,2010,Santa Barbara,68.2419871153846
21,1,2010,Shasta,80.87319389473683
22,1,2010,Tulare,67.47317833333325
23,1,2010,Ventura,54.82715357638883
24,1,2011,Butte,75.81388532352938
25,1,2011,Del Norte,80.32513589285713
26,1,2011,Fresno,86.29860688235289
27,1,2011,Glenn,76.6458333181818
28,1,2011,Humboldt,79.11176204166665
29,1,2011,Imperial,46.5499999333333
30,1,2011,Inyo,38.581422027522905
31,1,2011,Kern,79.7032313265306
32,1,2011,Lake,70.07291668749995
33,1,2011,Los Angeles,50.29333050925922
34,1,2011,Madera,86.74004253846154
35,1,2011,Marin,79.66342091666664
36,1,2011,Mariposa,47.58333338461536
37,1,2011,Placer,85.15801908333333
38,1,2011,Riverside,40.142252956896534
39,1,2011,Sacramento,87.14524520175426
40,1,2011,San Benito,66.00000014285715
41,1,2011,San Bernardino,30.820312437499982
42,1,2011,San Diego,54.679553559523775
43,1,2011,San Joaquin,83.4756728095238
44,1,2011,Santa Barbara,65.76697529629625
45,1,2011,Santa Clara,59.479798018518494
46,1,2011,Shasta,64.71739126086955
47,1,2011,Tulare,71.1134058260869
48,1,2011,Ventura,47.91435378453035
49,1,2012,Butte,61.954776378048756
50,1,2012,Del Norte,88.34052465217387
51,1,2012,Fresno,71.48915266071427
52,1,2012,Glenn,64.66499991999999
53,1,2012,Humboldt,81.81808115384614
54,1,2012,Imperial,45.122023821428535
55,1,2012,Inyo,31.094328530351397
56,1,2012,Kern,68.98568138461538
57,1,2012,Lake,67.13252313888887
58,1,2012,Los Angeles,53.111150394039704
59,1,2012,Madera,71.57194899999996
60,1,2012,Marin,63.35937487499997
61,1,2012,Mariposa,42.46333331999999
62,1,2012,Orange,50.09968648148145
63,1,2012,Placer,61.30172413793101
64,1,2012,Riverside,42.8778042346938
65,1,2012,Sacramento,69.19221410218974
66,1,2012,San Benito,58.714743615384585
67,1,2012,San Bernardino,40.86994470454544
68,1,2012,San Diego,52.361471870129854
69,1,2012,San Joaquin,68.85972216666664
70,1,2012,Santa Barbara,66.46999999999997
71,1,2012,Santa Clara,38.251557692307664
72,1,2012,Shasta,60.49537048148145
73,1,2012,Tulare,52.53187623611109
74,1,2012,Ventura,43.298436199999955
75,1,2013,Butte,61.540880528301855
76,1,2013,Del Norte,86.9143677241379
77,1,2013,Fresno,73.38120303947362
78,1,2013,Glenn,68.35267846428567
79,1,2013,Humboldt,75.83429480769229
80,1,2013,Imperial,44.309523892857115
81,1,2013,Inyo,33.19977055123674
82,1,2013,Kern,71.43644014285714
83,1,2013,Lake,65.67234846969698
84,1,2013,Los Angeles,46.657075835390984
85,1,2013,Madera,76.41360563793101
86,1,2013,Marin,65.04017849999995
87,1,2013,Mariposa,50.030448730769194
88,1,2013,Orange,45.79166668518515
89,1,2013,Riverside,43.8518312127659
90,1,2013,Sacramento,73.6673079646017
91,1,2013,San Benito,72.03685892307689
92,1,2013,San Bernardino,43.96372194656486
93,1,2013,San Diego,51.168803320512815
94,1,2013,San Joaquin,68.64511496551722
95,1,2013,Santa Barbara,50.57211549999996
96,1,2013,Santa Clara,37.756610259259226
97,1,2013,Shasta,58.407529249999975
98,1,2013,Tulare,69.85120887301585
99,1,2013,Ventura,44.76966205263153
100,1,2014,Del Norte,83.92398416666667
101,1,2014,Fresno,55.2585551724138
102,1,2014,Humboldt,77.62983327999999
103,1,2014,Inyo,22.136205814393918
104,1,2014,Kern,57.311714933333306
105,1,2014,Lake,51.97647056470586
106,1,2014,Los Angeles,45.2781647941176
107,1,2014,Madera,58.78210380327866
108,1,2014,Mariposa,31.76556629629628
109,1,2014,Orange,48.5496175185185
110,1,2014,Riverside,33.22648843729902
111,1,2014,Sacramento,60.065616525423685
112,1,2014,San Benito,46.69305559999999
113,1,2014,San Bernardino,36.00875784057971
114,1,2014,San Diego,43.887979813333324
115,1,2014,Santa Barbara,56.57499995999998
116,1,2014,Santa Clara,36.31965766666664
117,1,2014,Shasta,52.58641981481479
118,1,2014,Tulare,51.026114320754694
119,1,2014,Ventura,38.08422073170729
120,1,2015,Fresno,81.43749999999997
121,1,2015,Humboldt,81.28242004166667
122,1,2015,Inyo,37.49927757777777
123,1,2015,Kern,82.83394215789473
124,1,2015,Lake,69.12239583749997
125,1,2015,Los Angeles,55.15733936815916
126,1,2015,Madera,84.94162141999999
127,1,2015,Mariposa,39.541666692307686
128,1,2015,Orange,51.843387542168664
129,1,2015,Riverside,48.17292575165561
130,1,2015,Sacramento,83.40130010588226
131,1,2015,San Benito,73.37931034482757
132,1,2015,San Bernardino,50.75027851879698
133,1,2015,San Diego,56.441321999999964
134,1,2015,Santa Barbara,71.6539855217391
135,1,2015,Santa Clara,56.70004867796608
136,1,2015,Shasta,65.71296296296292
137,1,2015,Tulare,74.1975932142857
138,1,2015,Ventura,53.56935974390237
139,1,2016,Amador,79.99502353846151
140,1,2016,Butte,80.76574789473682
141,1,2016,Calaveras,82.99825270967739
142,1,2016,Colusa,83.632698137931
143,1,2016,Fresno,80.54268115999999
144,1,2016,Glenn,81.51007989285714
145,1,2016,Humboldt,86.19293473913044
146,1,2016,Inyo,49.180145894273124
147,1,2016,Kern,77.22757637121208
148,1,2016,Lake,84.13214285714284
149,1,2016,Los Angeles,64.27472669354835
150,1,2016,Madera,85.27116407142856
151,1,2016,Mariposa,65.82996899999995
152,1,2016,Orange,65.41517854999995
153,1,2016,Riverside,54.832460033333334
154,1,2016,Sacramento,84.61542901769901
155,1,2016,San Benito,82.99999992307691
156,1,2016,San Bernardino,62.16102015853652
157,1,2016,San Diego,68.8941147042253
158,1,2016,San Joaquin,82.74537011538459
159,1,2016,San Luis Obispo,81.007274
160,1,2016,Santa Barbara,73.14074840740734
161,1,2016,Santa Clara,62.07543008771926
162,1,2016,Shasta,84.60185194444443
163,1,2016,Sutter,82.79770110344829
164,1,2016,Tulare,77.3743251372549
165,1,2016,Ventura,62.34830038311686
166,1,2016,Yolo,85.68879066666666
167,2,2010,Butte,76.55133924999997
168,2,2010,Del Norte,79.83199818518518
169,2,2010,Fresno,85.64138176923075
170,2,2010,Glenn,75.71753619999998
171,2,2010,Humboldt,81.38184522222221
172,2,2010,Imperial,60.060168999999966
173,2,2010,Inyo,49.972763437499964
174,2,2010,Kern,79.6303341249999
175,2,2010,Lake,86.09487178461535
176,2,2010,Los Angeles,65.89812138728321
177,2,2010,Madera,84.56884052173913
178,2,2010,Marin,88.99492599999999
179,2,2010,Mariposa,61.40079357142855
180,2,2010,Orange,64.35092588888888
181,2,2010,Placer,77.67013243478259
182,2,2010,Riverside,65.18402519289334
183,2,2010,Sacramento,80.75826084999987
184,2,2010,San Benito,71.45202903999999
185,2,2010,San Bernardino,65.34096815740737
186,2,2010,San Diego,71.57440477142859
187,2,2010,San Joaquin,78.4642857142857
188,2,2010,Santa Barbara,68.84374999999996
189,2,2010,Shasta,80.70833334999998
190,2,2010,Tulare,75.13519301351344
191,2,2010,Ventura,66.82853413380269
192,2,2011,Butte,60.84071735443033
193,2,2011,Del Norte,75.13599999999998
194,2,2011,Fresno,68.28196971999998
195,2,2011,Glenn,70.5683734230769
196,2,2011,Humboldt,76.19407053846153
197,2,2011,Imperial,46.02500007999996
198,2,2011,Inyo,35.16364275799083
199,2,2011,Kern,64.16808294545453
200,2,2011,Lake,65.43884408064517
201,2,2011,Los Angeles,60.73782061904759
202,2,2011,Madera,68.34611203703702
203,2,2011,Marin,75.81394809523808
204,2,2011,Mariposa,62.0804190869565
205,2,2011,Orange,58.05034335999998
206,2,2011,Placer,63.84134615384612
207,2,2011,Riverside,45.86603397457624
208,2,2011,Sacramento,67.52518864754097
209,2,2011,San Benito,65.27777777272726
210,2,2011,San Bernardino,40.623484879999985
211,2,2011,San Diego,61.00472035211265
212,2,2011,San Joaquin,65.58333334615385
213,2,2011,Santa Barbara,68.21913577777777
214,2,2011,Santa Clara,51.36416667999997
215,2,2011,Shasta,62.107692346153826
216,2,2011,Tulare,69.03512654430378
217,2,2011,Ventura,59.03498387777772
218,2,2012,Butte,59.651338810126575
219,2,2012,Del Norte,86.99278849999997
220,2,2012,Fresno,66.14622326249999
221,2,2012,Glenn,61.81499991999995
222,2,2012,Humboldt,79.54722228571427
223,2,2012,Imperial,47.83653853846151
224,2,2012,Inyo,30.386045525179835
225,2,2012,Kern,60.97483536363634
226,2,2012,Lake,69.20535708571425
227,2,2012,Los Angeles,59.04257635766419
228,2,2012,Madera,66.09678693103446
229,2,2012,Marin,76.35950400000002
230,2,2012,Mariposa,57.944444541666634
231,2,2012,Orange,56.68004457692306
232,2,2012,Placer,57.05505957142854
233,2,2012,Riverside,51.50434273655911
234,2,2012,Sacramento,62.59582044827582
235,2,2012,San Benito,63.56666667999997
236,2,2012,San Bernardino,51.62593226016259
237,2,2012,San Diego,62.59318185526312
238,2,2012,San Joaquin,63.454022965517204
239,2,2012,Santa Barbara,61.905448653846136
240,2,2012,Santa Clara,39.29808213043474
241,2,2012,Shasta,63.012735124999956
242,2,2012,Tulare,65.6513053424657
243,2,2012,Ventura,51.54206268456372
244,2,2013,Butte,54.9374999807692
245,2,2013,Del Norte,84.69667877777778
246,2,2013,Fresno,67.91120642253516
247,2,2013,Glenn,56.809294884615355
248,2,2013,Humboldt,77.16282046153843
249,2,2013,Imperial,43.8672839259259
250,2,2013,Inyo,23.974462350806437
251,2,2013,Kern,61.99383012195119
252,2,2013,Lake,64.92739901515151
253,2,2013,Los Angeles,56.259483966101676
254,2,2013,Madera,71.39469692727272
255,2,2013,Marin,78.51041658333334
256,2,2013,Mariposa,53.25057967999997
257,2,2013,Orange,52.65340909090906
258,2,2013,Riverside,50.081190212560365
259,2,2013,Sacramento,65.19225272641505
260,2,2013,San Benito,71.0737179230769
261,2,2013,San Bernardino,49.30434208035712
262,2,2013,San Diego,58.06054812676054
263,2,2013,San Joaquin,59.761904749999935
264,2,2013,Santa Barbara,58.01923080769225
265,2,2013,Santa Clara,39.42726219999995
266,2,2013,Shasta,58.28409090909088
267,2,2013,Tulare,67.0365551558441
268,2,2013,Ventura,54.46469468702286
269,2,2014,Del Norte,88.58237269230767
270,2,2014,Fresno,69.64763906172834
271,2,2014,Humboldt,82.2102085
272,2,2014,Inyo,31.70771385407722
273,2,2014,Kern,63.250679357142836
274,2,2014,Lake,79.8833332857142
275,2,2014,Los Angeles,60.59977839999995
276,2,2014,Madera,70.89371585185185
277,2,2014,Mariposa,59.461956521739104
278,2,2014,Orange,65.35375815686272
279,2,2014,Riverside,50.290412963898895
280,2,2014,Sacramento,72.62631930434775
281,2,2014,San Benito,71.02083338461537
282,2,2014,San Bernardino,52.22583317886181
283,2,2014,San Diego,64.31818249295772
284,2,2014,Santa Barbara,68.32954536363636
285,2,2014,Santa Clara,44.90899754166664
286,2,2014,Shasta,75.0245369583333
287,2,2014,Tulare,71.06370022916666
288,2,2014,Ventura,59.812841149068305
289,2,2015,Fresno,79.0762987222222
290,2,2015,Humboldt,77.49117134615383
291,2,2015,Inyo,29.569507586206903
292,2,2015,Kern,76.07294063157893
293,2,2015,Lake,67.04058441558442
294,2,2015,Los Angeles,61.43563581538455
295,2,2015,Madera,76.76101931818181
296,2,2015,Mariposa,51.74826387499997
297,2,2015,Orange,61.768926199999974
298,2,2015,Riverside,46.75991079359434
299,2,2015,Sacramento,75.93055552380945
300,2,2015,San Benito,73.59722218518517
301,2,2015,San Bernardino,52.4336760491803
302,2,2015,San Diego,57.24470898412698
303,2,2015,Santa Barbara,71.66041659999995
304,2,2015,Santa Clara,57.664431897959155
305,2,2015,Shasta,59.772311217391284
306,2,2015,Tulare,72.71214423255813
307,2,2015,Ventura,63.86546857777771
308,2,2016,Amador,73.70216672
309,2,2016,Butte,63.35162040740741
310,2,2016,Calaveras,75.03148148148149
311,2,2016,Colusa,69.51983382758618
312,2,2016,Fresno,72.25161937499999
313,2,2016,Glenn,67.09583330769227
314,2,2016,Humboldt,81.64003626086954
315,2,2016,Inyo,32.14313073595504
316,2,2016,Kern,68.1296758333333
317,2,2016,Lake,64.04076091304346
318,2,2016,Los Angeles,44.71383614163087
319,2,2016,Madera,77.46296294444444
320,2,2016,Mariposa,42.35166667999997
321,2,2016,Orange,43.392068864197505
322,2,2016,Riverside,31.128516797250857
323,2,2016,Sacramento,73.29127939694649
324,2,2016,San Benito,70.77586210344826
325,2,2016,San Bernardino,39.57332471951218
326,2,2016,San Diego,46.94347435526315
327,2,2016,San Joaquin,70.76906148148144
328,2,2016,San Luis Obispo,65.52712114545453
329,2,2016,Santa Barbara,56.49065041463412
330,2,2016,Santa Clara,56.81716828846152
331,2,2016,Shasta,70.42616590476186
332,2,2016,Sutter,68.8008928928571
333,2,2016,Tulare,69.70358263461536
334,2,2016,Ventura,37.73784225316453
335,2,2016,Yolo,70.84821435714285
336,3,2010,Butte,61.627976178571416
337,3,2010,Del Norte,77.10506268965513
338,3,2010,Fresno,67.38275669879515
339,3,2010,Glenn,65.12946428571426
340,3,2010,Humboldt,76.83033339999999
341,3,2010,Imperial,44.2149425517241
342,3,2010,Inyo,26.85689288938052
343,3,2010,Kern,62.62713342857141
344,3,2010,Lake,71.56379678082189
345,3,2010,Los Angeles,55.187448767123286
346,3,2010,Madera,67.3416666333333
347,3,2010,Marin,81.07630432
348,3,2010,Mariposa,59.29960319047618
349,3,2010,Orange,56.12654327777776
350,3,2010,Placer,66.17001660714284
351,3,2010,Riverside,51.54754142857144
352,3,2010,Sacramento,67.65244053781504
353,3,2010,San Benito,63.47395820833333
354,3,2010,San Bernardino,51.3702364661654
355,3,2010,San Diego,62.566908239999954
356,3,2010,San Joaquin,63.997222166666624
357,3,2010,Santa Barbara,55.83666663999997
358,3,2010,Shasta,67.30107529032252
359,3,2010,Tulare,66.49958411538461
360,3,2010,Ventura,56.25502448520707
361,3,2011,Butte,74.02133156249994
362,3,2011,Del Norte,78.96858221739132
363,3,2011,Fresno,70.51916030588231
364,3,2011,Glenn,79.85396399999999
365,3,2011,Humboldt,84.2716206538461
366,3,2011,Imperial,42.90833326666663
367,3,2011,Inyo,34.97953661718744
368,3,2011,Kern,67.94705054385965
369,3,2011,Lake,84.77013888333326
370,3,2011,Los Angeles,66.18743579342721
371,3,2011,Madera,73.09268351612901
372,3,2011,Marin,86.70037360869564
373,3,2011,Mariposa,61.47058817647057
374,3,2011,Orange,67.00133695454542
375,3,2011,Placer,73.07626810714284
376,3,2011,Riverside,54.15022431226764
377,3,2011,Sacramento,76.66075275206603
378,3,2011,San Benito,71.15492418181816
379,3,2011,San Bernardino,58.85307953225802
380,3,2011,San Diego,67.18882382051282
381,3,2011,San Joaquin,72.65000003333331
382,3,2011,Santa Barbara,71.23958339285711
383,3,2011,Santa Clara,60.73041552727272
384,3,2011,Shasta,77.29347826086955
385,3,2011,Tulare,75.3024891948051
386,3,2011,Ventura,67.17042148333329
387,3,2012,Butte,67.80426424999993
388,3,2012,Del Norte,83.29374932142856
389,3,2012,Fresno,62.40238225301202
390,3,2012,Glenn,68.67528734482754
391,3,2012,Humboldt,80.51494251724135
392,3,2012,Imperial,41.971264413793065
393,3,2012,Inyo,26.0714459240506
394,3,2012,Kern,59.40281872881353
395,3,2012,Lake,74.20833329508197
396,3,2012,Los Angeles,59.996789479999954
397,3,2012,Madera,62.169144836065556
398,3,2012,Marin,81.4621210909091
399,3,2012,Mariposa,59.94927534782608
400,3,2012,Orange,56.424999963636346
401,3,2012,Placer,57.98362065517237
402,3,2012,Riverside,50.24029670742354
403,3,2012,Sacramento,67.43498793798442
404,3,2012,San Benito,63.81944446666664
405,3,2012,San Bernardino,54.87820634057966
406,3,2012,San Diego,66.23128059999996
407,3,2012,San Joaquin,63.91358025925923
408,3,2012,Santa Barbara,66.84523814285713
409,3,2012,Santa Clara,40.13475310714283
410,3,2012,Shasta,71.08876817391301
411,3,2012,Tulare,63.55677876315786
412,3,2012,Ventura,61.212072705521415
413,3,2013,Butte,56.36319446666665
414,3,2013,Del Norte,85.12319955555557
415,3,2013,Fresno,60.63875061445779
416,3,2013,Glenn,56.812499999999964
417,3,2013,Humboldt,76.89066093103445
418,3,2013,Inyo,21.936055104166638
419,3,2013,Kern,55.393135597826074
420,3,2013,Lake,67.47596152564104
421,3,2013,Los Angeles,64.82952721999992
422,3,2013,Madera,61.06579106666665
423,3,2013,Marin,87.06730773076922
424,3,2013,Mariposa,59.73731891304346
425,3,2013,Orange,63.91279072093023
426,3,2013,Riverside,54.24960592828683
427,3,2013,Sacramento,62.34379863636359
428,3,2013,San Benito,63.86155916129029
429,3,2013,San Bernardino,51.46023567407407
430,3,2013,San Diego,64.40705297142853
431,3,2013,San Joaquin,56.05241941935481
432,3,2013,Santa Barbara,71.45258613793102
433,3,2013,Santa Clara,45.31874994999997
434,3,2013,Shasta,63.9623015238095
435,3,2013,Tulare,63.65816993749995
436,3,2013,Ventura,63.88858986335401
437,3,2014,Del Norte,82.60097389999996
438,3,2014,Fresno,57.41117590804595
439,3,2014,Humboldt,77.15703162962963
440,3,2014,Inyo,29.158991222672036
441,3,2014,Kern,54.81546305084743
442,3,2014,Lake,66.59493674683542
443,3,2014,Los Angeles,61.102259860986514
444,3,2014,Madera,60.22538737931031
445,3,2014,Mariposa,52.420138874999964
446,3,2014,Orange,64.97523056363634
447,3,2014,Riverside,46.42292703654487
448,3,2014,Sacramento,63.39423249514556
449,3,2014,San Benito,63.38688606896547
450,3,2014,San Bernardino,53.13457192805752
451,3,2014,San Diego,68.67299517777776
452,3,2014,Santa Barbara,67.31666679999996
453,3,2014,Santa Clara,44.20659907407404
454,3,2014,Shasta,63.466346115384574
455,3,2014,Tulare,57.07200258181816
456,3,2014,Ventura,60.51506277419354
457,3,2015,Fresno,57.22487475409834
458,3,2015,Humboldt,76.06819449999999
459,3,2015,Inyo,24.647767715517208
460,3,2015,Kern,57.16933214814811
461,3,2015,Lake,61.669976186046505
462,3,2015,Los Angeles,52.08450221759257
463,3,2015,Madera,59.77607524193546
464,3,2015,Mariposa,49.54924236363633
465,3,2015,Orange,51.81487949350648
466,3,2015,Riverside,39.89603002807013
467,3,2015,Sacramento,63.229866273504236
468,3,2015,San Benito,62.204166666666644
469,3,2015,San Bernardino,42.48299371328672
470,3,2015,San Diego,53.479499215189854
471,3,2015,Santa Barbara,65.55262446428567
472,3,2015,Santa Clara,54.93125001785712
473,3,2015,Shasta,61.8626543333333
474,3,2015,Tulare,55.74377043333331
475,3,2015,Ventura,52.445273749999956
476,3,2016,Amador,76.39717741935483
477,3,2016,Butte,66.1731032972973
478,3,2016,Calaveras,77.42959768965517
479,3,2016,Colusa,70.39874793103445
480,3,2016,El Dorado,70.99198719230768
481,3,2016,Fresno,68.51875309836065
482,3,2016,Glenn,70.72212644827583
483,3,2016,Humboldt,80.69503207692308
484,3,2016,Inyo,27.535705742081433
485,3,2016,Kern,60.60011579999995
486,3,2016,Lake,75.06439393181817
487,3,2016,Los Angeles,63.20179669421482
488,3,2016,Madera,74.36362417741934
489,3,2016,Mariposa,70.99023064285711
490,3,2016,Orange,64.96239837804875
491,3,2016,Riverside,40.900091271874984
492,3,2016,Sacramento,74.12376980620148
493,3,2016,San Benito,74.52361113333332
494,3,2016,San Bernardino,57.99216268421049
495,3,2016,San Diego,68.39245271232876
496,3,2016,San Joaquin,68.80738503448275
497,3,2016,San Luis Obispo,74.13861601785712
498,3,2016,Santa Barbara,68.37393988095235
499,3,2016,Santa Clara,59.97167421568627
500,3,2016,Shasta,76.08666659999999
501,3,2016,Sutter,78.37534294736842
502,3,2016,Tulare,69.54163257407406
503,3,2016,Ventura,63.94026159770112
504,3,2016,Yolo,72.83482640740739
505,4,2010,Butte,63.62971014117643
506,4,2010,Del Norte,75.16970674999997
507,4,2010,Fresno,68.42409978313252
508,4,2010,Glenn,65.81271048148145
509,4,2010,Humboldt,74.81445244444446
510,4,2010,Imperial,43.216953999999966
511,4,2010,Inyo,29.839075748878916
512,4,2010,Kern,62.091335224999966
513,4,2010,Lake,73.13257574242424
514,4,2010,Los Angeles,64.3697139328358
515,4,2010,Madera,66.0376118965517
516,4,2010,Marin,84.18840591304344
517,4,2010,Mariposa,69.20036367999997
518,4,2010,Orange,60.51257869811318
519,4,2010,Placer,63.155172448275835
520,4,2010,Riverside,53.094945352458986
521,4,2010,Sacramento,66.46611388495567
522,4,2010,San Benito,65.77884615384613
523,4,2010,San Bernardino,54.597908000000004
524,4,2010,San Diego,69.83121619277102
525,4,2010,San Joaquin,64.47005068965515
526,4,2010,Santa Barbara,62.68154771428568
527,4,2010,Shasta,68.96621215999997
528,4,2010,Tulare,66.82383965822781
529,4,2010,Ventura,67.69686120231209
530,4,2011,Butte,56.28480392941173
531,4,2011,Del Norte,75.6446838965517
532,4,2011,Fresno,58.66122162499996
533,4,2011,Glenn,59.79347826086953
534,4,2011,Humboldt,73.80679014814814
535,4,2011,Imperial,35.96408041379307
536,4,2011,Inyo,25.597400243027884
537,4,2011,Kern,55.55577766071424
538,4,2011,Lake,66.65082159154926
539,4,2011,Los Angeles,61.37483199596773
540,4,2011,Madera,58.32926485185181
541,4,2011,Marin,82.56978519999998
542,4,2011,Mariposa,63.22549023529409
543,4,2011,Orange,60.05017012244895
544,4,2011,Placer,57.88392860714283
545,4,2011,Riverside,47.913592049586775
546,4,2011,Sacramento,60.849251570370335
547,4,2011,San Benito,62.50833346666663
548,4,2011,San Bernardino,53.12115194482757
549,4,2011,San Diego,67.55288027848097
550,4,2011,San Joaquin,58.48351449999997
551,4,2011,Santa Barbara,61.6851852222222
552,4,2011,Santa Clara,53.53043365517238
553,4,2011,Shasta,70.25198409523807
554,4,2011,Tulare,68.08308819999999
555,4,2011,Ventura,65.35455536559134
556,4,2012,Butte,60.64950981176467
557,4,2012,Del Norte,87.45855296428569
558,4,2012,Fresno,60.02544497499996
559,4,2012,Glenn,61.63988096428569
560,4,2012,Humboldt,77.12438277777777
561,4,2012,Imperial,38.6278735517241
562,4,2012,Inyo,22.870862552542373
563,4,2012,Kern,54.154289844827574
564,4,2012,Lake,66.03082187671231
565,4,2012,Los Angeles,60.71694564419476
566,4,2012,Madera,62.09985629310343
567,4,2012,Marin,84.29891313043477
568,4,2012,Mariposa,66.14606679411763
569,4,2012,Orange,59.952043981132064
570,4,2012,Placer,53.83024692592589
571,4,2012,Riverside,45.06845593199998
572,4,2012,Sacramento,63.90420891791039
573,4,2012,San Benito,61.30929488461534
574,4,2012,San Bernardino,46.87479301360539
575,4,2012,San Diego,67.10546414864862
576,4,2012,San Joaquin,60.865004965517194
577,4,2012,Santa Barbara,67.89867092307689
578,4,2012,Santa Clara,46.25016473913041
579,4,2012,Shasta,64.88636368181817
580,4,2012,Tulare,60.165541704225355
581,4,2012,Ventura,60.34097660869563
582,4,2013,Butte,46.517973921568604
583,4,2013,Del Norte,77.95674509999999
584,4,2013,Fresno,51.153250457831305
585,4,2013,Glenn,45.348333159999974
586,4,2013,Humboldt,69.69687562068964
587,4,2013,Inyo,19.31284324626866
588,4,2013,Kern,43.98897395454543
589,4,2013,Lake,56.02705628571427
590,4,2013,Los Angeles,60.016175834024835
591,4,2013,Madera,50.73358582456137
592,4,2013,Marin,84.25886324999998
593,4,2013,Mariposa,54.96230166666663
594,4,2013,Orange,58.47163117021277
595,4,2013,Riverside,45.49004698596489
596,4,2013,Sacramento,53.34054706306305
597,4,2013,San Benito,54.89965989285712
598,4,2013,San Bernardino,46.16127519708028
599,4,2013,San Diego,64.56039459459457
600,4,2013,San Joaquin,47.50738569230766
601,4,2013,Santa Barbara,67.71022722727272
602,4,2013,Santa Clara,45.50554888888884
603,4,2013,Shasta,53.21557978260866
604,4,2013,Tulare,56.36760603896103
605,4,2013,Ventura,62.547509701986705
606,4,2014,Del Norte,78.37478863333331
607,4,2014,Fresno,52.850916863636364
608,4,2014,Humboldt,69.58462641379307
609,4,2014,Inyo,22.8384625158371
610,4,2014,Kern,48.34718798275859
611,4,2014,Lake,62.290104162499986
612,4,2014,Los Angeles,54.4399008333333
613,4,2014,Madera,54.3248896551724
614,4,2014,Mariposa,52.089015181818155
615,4,2014,Orange,54.342013874999985
616,4,2014,Riverside,40.57294524913493
617,4,2014,Sacramento,61.96620436538462
618,4,2014,San Benito,60.830247037037005
619,4,2014,San Bernardino,41.137859946969726
620,4,2014,San Diego,61.25987496078431
621,4,2014,Santa Barbara,63.531666559999955
622,4,2014,Santa Clara,46.3185756538461
623,4,2014,Shasta,64.67628203846151
624,4,2014,Tulare,53.47261352542371
625,4,2014,Ventura,57.2088835384615
626,4,2015,Fresno,50.89110136206894
627,4,2015,Humboldt,70.02516023076923
628,4,2015,Inyo,19.42514480180179
629,4,2015,Kern,47.74364287499996
630,4,2015,Lake,61.80411255844154
631,4,2015,Los Angeles,52.4607503613445
632,4,2015,Madera,52.78333334999997
633,4,2015,Mariposa,48.97083339999999
634,4,2015,Orange,51.90476189999997
635,4,2015,Riverside,39.43904188571427
636,4,2015,Sacramento,55.733853462962955
637,4,2015,San Benito,56.96388886666661
638,4,2015,San Bernardino,43.44524226618701
639,4,2015,San Diego,56.70330065333333
640,4,2015,Santa Barbara,54.71955123076921
641,4,2015,Santa Clara,50.239056469387705
642,4,2015,Shasta,57.82953776923075
643,4,2015,Tulare,53.826152410256405
644,4,2015,Ventura,51.55516813924045
645,4,2016,Amador,68.97672410344826
646,4,2016,Butte,54.23367654117645
647,4,2016,Calaveras,71.29367820689653
648,4,2016,Colusa,56.233476965517234
649,4,2016,El Dorado,57.767166639999985
650,4,2016,Fresno,55.933709602564086
651,4,2016,Glenn,54.78221146153843
652,4,2016,Humboldt,71.46107906896549
653,4,2016,Inyo,28.761728313084106
654,4,2016,Kern,52.83975269852937
655,4,2016,Lake,62.61979164583332
656,4,2016,Los Angeles,55.35461499215683
657,4,2016,Madera,63.05579091525422
658,4,2016,Mariposa,57.430920949999994
659,4,2016,Orange,55.089583337499995
660,4,2016,Riverside,40.74686087138263
661,4,2016,Sacramento,61.28200289999998
662,4,2016,San Benito,65.60555556666662
663,4,2016,San Bernardino,49.16703762234038
664,4,2016,San Diego,60.32396073076921
665,4,2016,San Joaquin,59.5829167142857
666,4,2016,San Luis Obispo,64.49930299999997
667,4,2016,Santa Barbara,65.13222895180719
668,4,2016,Santa Clara,53.03152871153843
669,4,2016,Shasta,63.405302999999954
670,4,2016,Sutter,62.26439658620684
671,4,2016,Tulare,61.216282126760554
672,4,2016,Tuolumne,63.694166666666646
673,4,2016,Ventura,55.711582899999975
674,4,2016,Yolo,58.82473274074073
675,5,2010,Butte,53.09302320930231
676,5,2010,Del Norte,73.91690996296295
677,5,2010,Fresno,53.99547101086953
678,5,2010,Glenn,55.162202428571405
679,5,2010,Humboldt,71.6478395185185
680,5,2010,Imperial,32.18965517241377
681,5,2010,Inyo,24.02152853233831
682,5,2010,Kern,47.16876651136362
683,5,2010,Lake,67.95504385526313
684,5,2010,Los Angeles,64.97430426962455
685,5,2010,Madera,51.79797803225802
686,5,2010,Marin,89.77662260869565
687,5,2010,Mariposa,71.1195652028985
688,5,2010,Nevada,56.284722166666626
689,5,2010,Orange,61.991666699999975
690,5,2010,Placer,54.08064519354836
691,5,2010,Riverside,49.35370759629631
692,5,2010,Sacramento,57.40110747863244
693,5,2010,San Benito,57.13924324999996
694,5,2010,San Bernardino,49.971698852070965
695,5,2010,San Diego,68.14256758108104
696,5,2010,San Joaquin,56.37262279310342
697,5,2010,Santa Barbara,57.01293099999998
698,5,2010,Shasta,64.99267388461536
699,5,2010,Tulare,57.512205582278455
700,5,2010,Ventura,65.08661100515461
701,5,2011,Butte,60.046423523255754
702,5,2011,Del Norte,74.37155165517241
703,5,2011,Fresno,51.17121208888888
704,5,2011,Glenn,59.709842966666656
705,5,2011,Humboldt,71.10039426666665
706,5,2011,Imperial,33.788793068965475
707,5,2011,Inyo,25.577765223021583
708,5,2011,Kern,44.00816891666661
709,5,2011,Lake,63.00168920270267
710,5,2011,Los Angeles,60.50847493308554
711,5,2011,Madera,50.59967979069762
712,5,2011,Marin,87.47435888461538
713,5,2011,Mariposa,67.281314122807
714,5,2011,Nevada,51.83743049999997
715,5,2011,Orange,57.14571428571426
716,5,2011,Placer,57.570402310344804
717,5,2011,Riverside,45.52650064750955
718,5,2011,Sacramento,58.41456421276592
719,5,2011,San Benito,58.4285714642857
720,5,2011,San Bernardino,50.546099515337374
721,5,2011,San Diego,64.09102584810121
722,5,2011,San Joaquin,55.87787362068962
723,5,2011,Santa Barbara,62.53975853571425
724,5,2011,Santa Clara,53.138294666666624
725,5,2011,Shasta,66.61666659999999
726,5,2011,Tulare,58.58275058974357
727,5,2011,Ventura,63.42193582758616
728,5,2012,Butte,46.22425092134829
729,5,2012,Del Norte,80.62284493103445
730,5,2012,Fresno,42.36940938709675
731,5,2012,Glenn,45.22557468965513
732,5,2012,Humboldt,65.5198183333333
733,5,2012,Imperial,31.147988551724122
734,5,2012,Inyo,16.525359009554112
735,5,2012,Kern,36.340901112903175
736,5,2012,Lake,54.746835443037966
737,5,2012,Los Angeles,66.21679791235056
738,5,2012,Madera,45.33403456451608
739,5,2012,Marin,86.51339285714286
740,5,2012,Mariposa,58.14112104705881
741,5,2012,Nevada,39.800347208333314
742,5,2012,Orange,66.82352945098037
743,5,2012,Placer,41.0305556333333
744,5,2012,Riverside,43.53529183730156
745,5,2012,Sacramento,50.56043982978725
746,5,2012,San Benito,51.83333334482755
747,5,2012,San Bernardino,47.00913134969324
748,5,2012,San Diego,70.34581326388881
749,5,2012,San Joaquin,50.25446439285712
750,5,2012,Santa Barbara,67.81048390322576
751,5,2012,Santa Clara,45.731105629629596
752,5,2012,Shasta,56.509935961538424
753,5,2012,Tulare,61.91577007142854
754,5,2012,Ventura,66.16681816666667
755,5,2013,Butte,45.84962401754383
756,5,2013,Del Norte,76.47325270967742
757,5,2013,Fresno,45.74325249999998
758,5,2013,Glenn,48.5402777333333
759,5,2013,Humboldt,65.3218946
760,5,2013,Inyo,22.694017417266178
761,5,2013,Kern,37.610152426966266
762,5,2013,Lake,54.877510024096374
763,5,2013,Los Angeles,61.77148770238092
764,5,2013,Madera,45.187499983870936
765,5,2013,Marin,84.97727268181816
766,5,2013,Mariposa,56.05257002083331
767,5,2013,Nevada,52.46874991666664
768,5,2013,Orange,62.38552124999998
769,5,2013,Riverside,46.05175617508416
770,5,2013,Sacramento,49.1523783965517
771,5,2013,San Benito,50.305555499999926
772,5,2013,San Bernardino,45.82730608805029
773,5,2013,San Diego,65.24583334999996
774,5,2013,Santa Barbara,64.24856320689653
775,5,2013,Santa Clara,46.66985479166663
776,5,2013,Shasta,58.84999991999997
777,5,2013,Tulare,49.4625078970588
778,5,2013,Ventura,62.813885802325565
779,5,2014,Del Norte,77.91777786666667
780,5,2014,Fresno,38.34416426744183
781,5,2014,Humboldt,68.18940826666666
782,5,2014,Inyo,20.9742195689655
783,5,2014,Kern,37.27651978333329
784,5,2014,Lake,51.29568272289151
785,5,2014,Los Angeles,50.09507818226602
786,5,2014,Madera,40.125000032258036
787,5,2014,Mariposa,41.86111116666665
788,5,2014,Orange,55.57967846153845
789,5,2014,Riverside,35.0533291698113
790,5,2014,Sacramento,48.466978155172434
791,5,2014,San Benito,47.573924741935464
792,5,2014,San Bernardino,37.555879159420286
793,5,2014,San Diego,56.192399541666646
794,5,2014,Santa Barbara,54.741666666666646
795,5,2014,Santa Clara,46.56574570833328
796,5,2014,Shasta,51.07471268965512
797,5,2014,Tulare,43.45432182499998
798,5,2014,Ventura,53.804184090361375
799,5,2015,Fresno,49.2368646129032
800,5,2015,Humboldt,68.36248796666665
801,5,2015,Inyo,32.092050205020904
802,5,2015,Kern,47.05208341666663
803,5,2015,Lake,63.0819288764045
804,5,2015,Los Angeles,66.41912829718872
805,5,2015,Madera,54.573252741935455
806,5,2015,Mariposa,57.90942026086956
807,5,2015,Orange,67.8186523506493
808,5,2015,Riverside,51.8672210891089
809,5,2015,Sacramento,62.32159939130433
810,5,2015,San Benito,62.95503219999997
811,5,2015,San Bernardino,55.20381184337346
812,5,2015,San Diego,73.31302078749997
813,5,2015,Santa Barbara,66.31101182142855
814,5,2015,Santa Clara,56.70555004999997
815,5,2015,Shasta,64.11979162499998
816,5,2015,Tulare,54.639373903614455
817,5,2015,Ventura,69.16093175739637
818,5,2016,Amador,64.89533229032256
819,5,2016,Butte,53.270476999999985
820,5,2016,Calaveras,63.8180555
821,5,2016,Colusa,56.94178026666665
822,5,2016,El Dorado,58.51043770370369
823,5,2016,Fresno,50.411033236559135
824,5,2016,Glenn,55.80462970370368
825,5,2016,Humboldt,69.19084372413793
826,5,2016,Inyo,29.37500000381678
827,5,2016,Kern,46.13600574431815
828,5,2016,Lake,62.91666663461537
829,5,2016,Los Angeles,68.56756653275107
830,5,2016,Madera,55.980874278688496
831,5,2016,Mariposa,61.11172311111108
832,5,2016,Orange,69.39959837349392
833,5,2016,Riverside,45.32751320792078
834,5,2016,Sacramento,57.650132122807015
835,5,2016,San Benito,60.818055666666616
836,5,2016,San Bernardino,61.53465230653263
837,5,2016,San Diego,73.70833323684208
838,5,2016,San Joaquin,56.77123441935481
839,5,2016,San Luis Obispo,72.23382764406779
840,5,2016,Santa Barbara,75.41080422093015
841,5,2016,Santa Clara,57.40583658181816
842,5,2016,Shasta,64.93181827272726
843,5,2016,Sutter,54.81333975409835
844,5,2016,Tulare,52.97197886486485
845,5,2016,Tuolumne,56.9558712
846,5,2016,Ventura,72.05549277844304
847,5,2016,Yolo,56.12752488888886
848,6,2010,Butte,49.127422511627884
849,6,2010,Del Norte,76.2386904285714
850,6,2010,Fresno,45.225505033333306
851,6,2010,Glenn,54.87294955555553
852,6,2010,Humboldt,71.11310351724138
853,6,2010,Imperial,31.32589274999998
854,6,2010,Inyo,24.11132699999999
855,6,2010,Kern,39.623697258426944
856,6,2010,Lake,60.037776615384594
857,6,2010,Los Angeles,71.93089841949148
858,6,2010,Madera,44.50126259999995
859,6,2010,Marin,88.66743268749995
860,6,2010,Mariposa,59.29009849999999
861,6,2010,Nevada,50.266304260869546
862,6,2010,Orange,68.09526518181818
863,6,2010,Placer,48.86293416666662
864,6,2010,Riverside,49.28457967599999
865,6,2010,Sacramento,52.13572900862068
866,6,2010,San Benito,50.77454369999997
867,6,2010,San Bernardino,50.872287958579854
868,6,2010,San Diego,71.85757528947364
869,6,2010,San Joaquin,51.11882718518515
870,6,2010,Santa Barbara,71.54017853571428
871,6,2010,Shasta,58.172413827586155
872,6,2010,Tulare,48.10373806172837
873,6,2010,Ventura,75.77855466666661
874,6,2011,Butte,56.621521402438994
875,6,2011,Del Norte,74.96708336666666
876,6,2011,Fresno,51.98240735555552
877,6,2011,Glenn,67.81999991999996
878,6,2011,Humboldt,69.85410626666665
879,6,2011,Imperial,29.38074713793103
880,6,2011,Inyo,23.309712999999984
881,6,2011,Kern,42.9927229152542
882,6,2011,Lake,63.90981735616437
883,6,2011,Los Angeles,69.02366740265481
884,6,2011,Madera,52.359361120689634
885,6,2011,Marin,90.25362317391303
886,6,2011,Mariposa,68.5584656190476
887,6,2011,Nevada,46.85227286363633
888,6,2011,Orange,66.25112613513512
889,6,2011,Placer,55.52155168965512
890,6,2011,Riverside,44.04727499585062
891,6,2011,Sacramento,59.0763766503496
892,6,2011,San Benito,59.69332426666662
893,6,2011,San Bernardino,48.58382129374994
894,6,2011,San Diego,69.50847923611107
895,6,2011,San Joaquin,56.30505960714281
896,6,2011,Santa Barbara,76.291742125
897,6,2011,Santa Clara,58.88462790566036
898,6,2011,Shasta,60.78999991999996
899,6,2011,Tulare,54.846933999999976
900,6,2011,Ventura,74.67297149999995
901,6,2012,Butte,42.49950345070421
902,6,2012,Del Norte,81.21041676666663
903,6,2012,Fresno,38.93931545555554
904,6,2012,Glenn,44.293154749999964
905,6,2012,Humboldt,70.54322912499998
906,6,2012,Imperial,29.36063220689655
907,6,2012,Inyo,16.531875354838686
908,6,2012,Kern,34.1811900169491
909,6,2012,Lake,52.818955253164525
910,6,2012,Los Angeles,64.49172567391301
911,6,2012,Madera,43.27847224999996
912,6,2012,Marin,85.8782051153846
913,6,2012,Mariposa,50.31227566037735
914,6,2012,Nevada,37.879629703703685
915,6,2012,Orange,64.39742425999998
916,6,2012,Placer,37.79027779999998
917,6,2012,Riverside,40.33384167355369
918,6,2012,Sacramento,47.021071563758404
919,6,2012,San Benito,48.11342593333329
920,6,2012,San Bernardino,42.40419050318468
921,6,2012,San Diego,68.3944807945205
922,6,2012,San Joaquin,48.520114827586156
923,6,2012,Santa Barbara,70.64583334615382
924,6,2012,Santa Clara,51.080701684210496
925,6,2012,Shasta,49.86111107407404
926,6,2012,Tulare,46.91877734920632
927,6,2012,Ventura,68.14141658181809
928,6,2013,Del Norte,77.74330360714283
929,6,2013,Fresno,48.8622881694915
930,6,2013,Inyo,18.386207659176012
931,6,2013,Kern,38.46438761016945
932,6,2013,Lake,55.414676123456765
933,6,2013,Los Angeles,66.44997143636363
934,6,2013,Madera,45.798706913793076
935,6,2013,Marin,88.37303511538461
936,6,2013,Mariposa,40.90178574999999
937,6,2013,Nevada,41.98913043478259
938,6,2013,Orange,66.39503209615384
939,6,2013,Riverside,45.19081138928571
940,6,2013,Sacramento,51.523359052173895
941,6,2013,San Benito,50.85694439999997
942,6,2013,San Bernardino,43.274395999999975
943,6,2013,San Diego,67.57722222666665
944,6,2013,Santa Barbara,73.24015703333333
945,6,2013,Santa Clara,52.04428371428567
946,6,2013,Shasta,51.86166667999997
947,6,2013,Tulare,44.57184203448274
948,6,2013,Ventura,69.07032776712325
949,6,2014,Del Norte,74.80882589655172
950,6,2014,Fresno,35.059043473684184
951,6,2014,Humboldt,65.54177286666665
952,6,2014,Inyo,16.613933152173903
953,6,2014,Kern,32.75977443333332
954,6,2014,Lake,44.25236575294115
955,6,2014,Los Angeles,62.565215443113736
956,6,2014,Madera,37.801147349999965
957,6,2014,Mariposa,29.834876518518495
958,6,2014,Orange,68.095486125
959,6,2014,Riverside,39.34506653594774
960,6,2014,Sacramento,45.1751661512605
961,6,2014,San Benito,46.32758610344823
962,6,2014,San Bernardino,38.41429423703702
963,6,2014,San Diego,64.51705260869564
964,6,2014,Santa Barbara,72.4675926296296
965,6,2014,Santa Clara,50.73811329629625
966,6,2014,Shasta,43.99425289655167
967,6,2014,Tulare,35.10349236842103
968,6,2014,Ventura,69.01559304294474
969,6,2015,Fresno,38.74193836666663
970,6,2015,Humboldt,61.92183899999996
971,6,2015,Inyo,21.07888903478259
972,6,2015,Kern,38.870833333333294
973,6,2015,Lake,47.64727833333331
974,6,2015,Los Angeles,65.56749244680849
975,6,2015,Madera,43.33608676666664
976,6,2015,Mariposa,36.02777783333332
977,6,2015,Orange,68.63301482142853
978,6,2015,Riverside,39.382005126666655
979,6,2015,Sacramento,48.03341552100835
980,6,2015,San Benito,47.84583329999996
981,6,2015,San Bernardino,41.831913141975335
982,6,2015,San Diego,66.28594581578947
983,6,2015,Santa Barbara,73.0464743076923
984,6,2015,Santa Clara,59.686116298245594
985,6,2015,Shasta,49.349358961538414
986,6,2015,Tulare,40.001257636363604
987,6,2015,Ventura,65.20891027647055
988,6,2016,Amador,46.98499996666662
989,6,2016,Butte,43.99905302272725
990,6,2016,Calaveras,44.947222166666634
991,6,2016,Colusa,52.07097710344827
992,6,2016,El Dorado,38.51419839999997
993,6,2016,Fresno,37.38229989772724
994,6,2016,Glenn,52.597756384615344
995,6,2016,Humboldt,64.75166059999997
996,6,2016,Inyo,20.09709398437498
997,6,2016,Kern,33.98633583333331
998,6,2016,Lake,47.409980236363616
999,6,2016,Los Angeles,63.42780960648145
1000,6,2016,Madera,42.55720338983045
1001,6,2016,Mariposa,36.570509833333325
1002,6,2016,Orange,66.18720659154927
1003,6,2016,Placer,41.45129310344825
1004,6,2016,Riverside,36.23076080575539
1005,6,2016,Sacramento,45.76409028333331
1006,6,2016,San Benito,41.863596466666635
1007,6,2016,San Bernardino,44.67725555555554
1008,6,2016,San Diego,63.0704694875
1009,6,2016,San Joaquin,44.09002978571425
1010,6,2016,San Luis Obispo,59.46645829999998
1011,6,2016,Santa Barbara,76.28353788235283
1012,6,2016,Santa Clara,55.06904819148933
1013,6,2016,Shasta,53.440277799999954
1014,6,2016,Stanislaus,38.69640806896548
1015,6,2016,Sutter,42.43576647368419
1016,6,2016,Tehama,35.81681037931033
1017,6,2016,Tulare,40.20122355172412
1018,6,2016,Tuolumne,38.40986119999998
1019,6,2016,Ventura,64.15990562941172
1020,6,2016,Yolo,51.36609199999998
1021,7,2010,Butte,56.58941950561794
1022,7,2010,Del Norte,74.21568929629628
1023,7,2010,Fresno,42.61618287096772
1024,7,2010,Glenn,62.055107548387085
1025,7,2010,Humboldt,63.10669551612904
1026,7,2010,Imperial,43.098611099999964
1027,7,2010,Inyo,25.66020645614033
1028,7,2010,Kern,36.222194151162775
1029,7,2010,Lake,51.503745314606725
1030,7,2010,Los Angeles,69.44944030223874
1031,7,2010,Madera,45.59676936170207
1032,7,2010,Marin,92.27100847058821
1033,7,2010,Mariposa,49.86838011214954
1034,7,2010,Nevada,38.992438608695636
1035,7,2010,Orange,66.3299319387755
1036,7,2010,Placer,51.31129422580642
1037,7,2010,Riverside,49.24959371323527
1038,7,2010,Sacramento,52.74376662295082
1039,7,2010,San Benito,52.99281603448271
1040,7,2010,San Bernardino,45.484981175141236
1041,7,2010,San Diego,71.25134958441556
1042,7,2010,San Joaquin,53.920698903225755
1043,7,2010,Santa Barbara,70.71577378571428
1044,7,2010,Shasta,49.408602161290275
1045,7,2010,Tulare,44.97101759523807
1046,7,2010,Ventura,73.3988254202898
1047,7,2011,Butte,53.70967738709676
1048,7,2011,Del Norte,75.4653235517241
1049,7,2011,Fresno,47.87051968817201
1050,7,2011,Glenn,68.6860119285714
1051,7,2011,Humboldt,66.28404299999998
1052,7,2011,Imperial,49.51348047058822
1053,7,2011,Inyo,26.81887984790871
1054,7,2011,Kern,38.295738466666634
1055,7,2011,Lake,60.32998086206895
1056,7,2011,Los Angeles,64.97068485833333
1057,7,2011,Madera,48.77480716129029
1058,7,2011,Marin,92.78186276470586
1059,7,2011,Mariposa,58.59370908256879
1060,7,2011,Nevada,39.513404347826075
1061,7,2011,Orange,61.21587030769228
1062,7,2011,Placer,48.624532483870915
1063,7,2011,Riverside,45.24145601793718
1064,7,2011,Sacramento,53.55504724324325
1065,7,2011,San Benito,53.33834306451609
1066,7,2011,San Bernardino,45.92329407100593
1067,7,2011,San Diego,67.87118462499996
1068,7,2011,San Joaquin,55.52804848275858
1069,7,2011,Santa Barbara,75.43005957142857
1070,7,2011,Santa Clara,60.72795081818179
1071,7,2011,Shasta,59.00148810714281
1072,7,2011,Tulare,51.15848093827157
1073,7,2011,Ventura,69.03308083030295
1074,7,2012,Butte,43.94635681967209
1075,7,2012,Del Norte,83.38521506451612
1076,7,2012,Fresno,40.062151637362625
1077,7,2012,Glenn,57.55803571428568
1078,7,2012,Humboldt,69.03361106666665
1079,7,2012,Imperial,43.783333366666646
1080,7,2012,Inyo,22.406417734567892
1081,7,2012,Kern,33.65591521739129
1082,7,2012,Lake,46.59386975862067
1083,7,2012,Los Angeles,60.975918539999995
1084,7,2012,Madera,44.93958331666662
1085,7,2012,Marin,90.27024562068964
1086,7,2012,Mariposa,43.351823238532106
1087,7,2012,Nevada,32.46014491304346
1088,7,2012,Orange,64.77431169999998
1089,7,2012,Placer,36.670833333333306
1090,7,2012,Riverside,44.18184898076921
1091,7,2012,Sacramento,48.6043148026316
1092,7,2012,San Benito,51.50806448387093
1093,7,2012,San Bernardino,44.50549211931814
1094,7,2012,San Diego,66.11129508108104
1095,7,2012,San Joaquin,51.87083346666663
1096,7,2012,Santa Barbara,74.46805556666665
1097,7,2012,Santa Clara,53.658277148148095
1098,7,2012,Shasta,45.90994619354836
1099,7,2012,Tulare,42.57214205813951
1100,7,2012,Ventura,66.23875252147234
1101,7,2013,Butte,41.396857950819616
1102,7,2013,Del Norte,78.02085349999997
1103,7,2013,Fresno,42.98898438709674
1104,7,2013,Humboldt,59.748014875
1105,7,2013,Inyo,27.776688377104346
1106,7,2013,Kern,32.18285814754096
1107,7,2013,Lake,43.59583328888886
1108,7,2013,Los Angeles,65.02391939999998
1109,7,2013,Madera,41.02254101639342
1110,7,2013,Marin,90.54597710344825
1111,7,2013,Mariposa,34.31123086792449
1112,7,2013,Nevada,32.12499995238093
1113,7,2013,Orange,66.6209936153846
1114,7,2013,Riverside,47.570891912457896
1115,7,2013,Sacramento,47.402233278688485
1116,7,2013,San Benito,50.045026838709624
1117,7,2013,San Bernardino,45.0204376592179
1118,7,2013,San Diego,67.95616312048185
1119,7,2013,Santa Barbara,75.70386910714284
1120,7,2013,Santa Clara,54.72906153333327
1121,7,2013,Shasta,41.74059138709673
1122,7,2013,Tulare,40.271977023809505
1123,7,2013,Ventura,69.87635939766076
1124,7,2014,Del Norte,80.48251516129031
1125,7,2014,Fresno,42.02652138709674
1126,7,2014,Humboldt,63.73394109677418
1127,7,2014,Inyo,26.557506896694214
1128,7,2014,Kern,36.0253860819672
1129,7,2014,Lake,42.42045453409089
1130,7,2014,Los Angeles,61.361149248730946
1131,7,2014,Madera,41.33556073770488
1132,7,2014,Mariposa,36.502976285714276
1133,7,2014,Orange,64.73560605454543
1134,7,2014,Riverside,42.782211435672515
1135,7,2014,Sacramento,47.82432372950818
1136,7,2014,San Benito,48.97043016129029
1137,7,2014,San Bernardino,42.74047617714284
1138,7,2014,San Diego,64.8850574827586
1139,7,2014,Santa Barbara,72.51724144827585
1140,7,2014,Santa Clara,56.286407193548335
1141,7,2014,Shasta,42.8605769230769
1142,7,2014,Tulare,40.67822946511625
1143,7,2014,Ventura,65.01503305555553
1144,7,2015,Calaveras,44.189861099999966
1145,7,2015,Fresno,43.48394808196718
1146,7,2015,Humboldt,62.8458800645161
1147,7,2015,Inyo,32.356301054393285
1148,7,2015,Kern,43.05311523728808
1149,7,2015,Lake,49.18749996511628
1150,7,2015,Los Angeles,66.81489446530612
1151,7,2015,Madera,46.848566274193516
1152,7,2015,Mariposa,46.74999991666664
1153,7,2015,Orange,68.73424796341459
1154,7,2015,Riverside,47.82274189967639
1155,7,2015,Sacramento,52.004196473684196
1156,7,2015,San Benito,52.1825000333333
1157,7,2015,San Bernardino,45.346644054455425
1158,7,2015,San Diego,73.03706622368414
1159,7,2015,Santa Barbara,72.41954027586205
1160,7,2015,Santa Clara,60.53643454901958
1161,7,2015,Shasta,57.29006411538459
1162,7,2015,Tulare,50.45369980769229
1163,7,2015,Ventura,69.39575988271605
1164,7,2016,Amador,41.92231187096771
1165,7,2016,Butte,41.16277172826084
1166,7,2016,Calaveras,40.548609064516114
1167,7,2016,Colusa,52.40916666666664
1168,7,2016,El Dorado,35.08798321999998
1169,7,2016,Fresno,36.805148365591364
1170,7,2016,Glenn,55.197115384615344
1171,7,2016,Humboldt,64.74274199999998
1172,7,2016,Inyo,17.477153361216715
1173,7,2016,Kern,30.517737028409076
1174,7,2016,Lake,41.84195404597699
1175,7,2016,Los Angeles,60.75923114371257
1176,7,2016,Madera,41.32357250819668
1177,7,2016,Mariposa,30.23748574509802
1178,7,2016,Orange,63.291977171428556
1179,7,2016,Placer,39.37280464516127
1180,7,2016,Riverside,34.65367936431226
1181,7,2016,Sacramento,45.681470203252026
1182,7,2016,San Benito,44.837499933333284
1183,7,2016,San Bernardino,39.838381326732645
1184,7,2016,San Diego,62.90926874489797
1185,7,2016,San Joaquin,45.31298336666666
1186,7,2016,San Luis Obispo,62.78073770491801
1187,7,2016,Santa Barbara,76.61235463953479
1188,7,2016,Santa Clara,57.61194134482757
1189,7,2016,Shasta,51.971153846153804
1190,7,2016,Stanislaus,40.209946225806426
1191,7,2016,Sutter,40.39961486666666
1192,7,2016,Tehama,32.38675007999999
1193,7,2016,Tulare,36.83102201149424
1194,7,2016,Tuolumne,33.70712364516127
1195,7,2016,Ventura,60.75948283431953
1196,7,2016,Yolo,53.91599464516126
1197,8,2010,Butte,48.02083327777776
1198,8,2010,Del Norte,76.59052127272724
1199,8,2010,Fresno,44.81366076344083
1200,8,2010,Glenn,62.66405427586204
1201,8,2010,Humboldt,65.26213276666664
1202,8,2010,Imperial,40.70833329032254
1203,8,2010,Inyo,22.25571799159664
1204,8,2010,Kern,37.566056164835146
1205,8,2010,Lake,52.53551139772724
1206,8,2010,Los Angeles,62.24048225757576
1207,8,2010,Madera,48.76726854838706
1208,8,2010,Marin,88.21759255555554
1209,8,2010,Mariposa,44.227102813084066
1210,8,2010,Nevada,33.73611103703701
1211,8,2010,Orange,59.70816241509433
1212,8,2010,Placer,52.735825999999946
1213,8,2010,Riverside,42.85705783038868
1214,8,2010,Sacramento,56.180756169934625
1215,8,2010,San Benito,52.89999999999995
1216,8,2010,San Bernardino,39.93026415116274
1217,8,2010,San Diego,64.06067560563379
1218,8,2010,San Joaquin,57.62634412903222
1219,8,2010,Santa Barbara,70.34077367857144
1220,8,2010,Shasta,47.94971262068962
1221,8,2010,Tulare,44.655995939024365
1222,8,2010,Ventura,65.32035248979588
1223,8,2011,Butte,51.35140562650599
1224,8,2011,Del Norte,82.43862199999995
1225,8,2011,Fresno,46.6711956195652
1226,8,2011,Glenn,66.72619039285712
1227,8,2011,Humboldt,63.466111199999965
1228,8,2011,Imperial,39.530095806451584
1229,8,2011,Inyo,22.203029415686256
1230,8,2011,Kern,37.270424193548344
1231,8,2011,Lake,50.81694755056179
1232,8,2011,Los Angeles,64.24558502692302
1233,8,2011,Madera,46.953878483333284
1234,8,2011,Marin,92.34722199999999
1235,8,2011,Mariposa,46.4701309191919
1236,8,2011,Nevada,30.857142892857127
1237,8,2011,Orange,53.04084562068964
1238,8,2011,Placer,46.34677422580642
1239,8,2011,Riverside,39.743502119469014
1240,8,2011,Sacramento,53.584543580645175
1241,8,2011,San Benito,53.74980153333329
1242,8,2011,San Bernardino,40.56595194736844
1243,8,2011,San Diego,61.188115906666646
1244,8,2011,San Joaquin,55.1005143225806
1245,8,2011,Santa Barbara,77.06896548275861
1246,8,2011,Santa Clara,62.22516023076919
1247,8,2011,Shasta,47.65994619354833
1248,8,2011,Tulare,46.73161024418602
1249,8,2011,Ventura,67.60469911931816
1250,8,2012,Butte,39.283469983606516
1251,8,2012,Del Norte,84.50500009999999
1252,8,2012,Fresno,37.439997849462344
1253,8,2012,Glenn,54.15166675999997
1254,8,2012,Humboldt,65.43415564516127
1255,8,2012,Imperial,53.127873620689634
1256,8,2012,Inyo,28.011249645768014
1257,8,2012,Kern,31.45941633695651
1258,8,2012,Lake,37.69444447126434
1259,8,2012,Los Angeles,55.47231545195728
1260,8,2012,Madera,41.9778769333333
1261,8,2012,Marin,91.60863099999997
1262,8,2012,Mariposa,35.41664556637167
1263,8,2012,Nevada,22.324074111111113
1264,8,2012,Orange,60.231547607142836
1265,8,2012,Placer,33.05376348387096
1266,8,2012,Riverside,46.06908928464418
1267,8,2012,Sacramento,44.62982809032258
1268,8,2012,San Benito,44.63103455172413
1269,8,2012,San Bernardino,44.27501943258424
1270,8,2012,San Diego,64.45043932499995
1271,8,2012,San Joaquin,48.10080654838707
1272,8,2012,Santa Barbara,72.46839072413792
1273,8,2012,Santa Clara,54.95391980769226
1274,8,2012,Shasta,38.42222216666663
1275,8,2012,Tulare,39.51124683720927
1276,8,2012,Ventura,57.81621798255811
1277,8,2013,Del Norte,80.98611111111111
1278,8,2013,Fresno,43.628593304878024
1279,8,2013,Humboldt,67.01571064516126
1280,8,2013,Inyo,27.087256974169726
1281,8,2013,Kern,38.50409837704914
1282,8,2013,Lake,50.46220933720927
1283,8,2013,Los Angeles,60.54372474131271
1284,8,2013,Madera,45.71474816393438
1285,8,2013,Marin,91.6830808148148
1286,8,2013,Mariposa,35.05915934693874
1287,8,2013,Orange,62.74220477083332
1288,8,2013,Riverside,45.87100357692305
1289,8,2013,Sacramento,54.75002159349591
1290,8,2013,San Benito,53.645114896551675
1291,8,2013,San Bernardino,42.33282159887003
1292,8,2013,San Diego,61.5345533333333
1293,8,2013,Santa Barbara,73.46634615384613
1294,8,2013,Santa Clara,55.67560863999994
1295,8,2013,Shasta,46.36458328571424
1296,8,2013,Tulare,41.439610471264345
1297,8,2013,Ventura,64.73389221301773
1298,8,2014,Del Norte,81.25149759999998
1299,8,2014,Fresno,43.98899514035084
1300,8,2014,Humboldt,62.291947161290324
1301,8,2014,Inyo,27.542872226086953
1302,8,2014,Kern,36.593668377049134
1303,8,2014,Lake,46.24999998850572
1304,8,2014,Los Angeles,60.88174399999995
1305,8,2014,Madera,44.8355497678571
1306,8,2014,Mariposa,35.55037634615383
1307,8,2014,Orange,64.77385835849056
1308,8,2014,Riverside,44.732216066473995
1309,8,2014,Sacramento,54.43857859016392
1310,8,2014,San Benito,53.508064548387054
1311,8,2014,San Bernardino,45.52670765584414
1312,8,2014,San Diego,64.20077918181816
1313,8,2014,Santa Barbara,73.23833327999998
1314,8,2014,Santa Clara,56.5555771071428
1315,8,2014,Shasta,48.39367817241374
1316,8,2014,Tulare,40.885304435294096
1317,8,2014,Ventura,64.02044995705518
1318,8,2015,Amador,45.84865583870966
1319,8,2015,Calaveras,45.14072580645158
1320,8,2015,Colusa,52.79099467741932
1321,8,2015,Fresno,42.004459870967686
1322,8,2015,Humboldt,65.6841792222222
1323,8,2015,Inyo,20.06861281589956
1324,8,2015,Kern,40.44594249152539
1325,8,2015,Lake,47.14653556179774
1326,8,2015,Los Angeles,61.0009560042194
1327,8,2015,Madera,45.9635010833333
1328,8,2015,Mariposa,33.079999959999974
1329,8,2015,Orange,63.62738096103897
1330,8,2015,Riverside,41.157287564625825
1331,8,2015,Sacramento,52.07577985064932
1332,8,2015,San Benito,51.97921693548384
1333,8,2015,San Bernardino,37.162449941964276
1334,8,2015,San Diego,63.69495173333332
1335,8,2015,San Luis Obispo,65.73177967796607
1336,8,2015,Santa Barbara,68.93103441379309
1337,8,2015,Santa Clara,61.39125478723402
1338,8,2015,Shasta,45.5244253103448
1339,8,2015,Tulare,41.44724416666665
1340,8,2015,Ventura,62.3445322678571
1341,8,2016,Amador,44.361021516129
1342,8,2016,Butte,43.77765698913042
1343,8,2016,Calaveras,43.82647845161287
1344,8,2016,Colusa,54.396908580645146
1345,8,2016,El Dorado,36.889655181034456
1346,8,2016,Fresno,40.147216978494605
1347,8,2016,Glenn,57.9495833333333
1348,8,2016,Humboldt,55.670646319999975
1349,8,2016,Inyo,18.003123044280436
1350,8,2016,Kern,32.695453207650296
1351,8,2016,Lake,41.299625494382
1352,8,2016,Los Angeles,64.07374341752576
1353,8,2016,Madera,44.404098377049145
1354,8,2016,Mariposa,28.763281312499995
1355,8,2016,Orange,66.17695475308636
1356,8,2016,Placer,45.358400483870945
1357,8,2016,Riverside,38.177932290566034
1358,8,2016,Sacramento,52.08521653225807
1359,8,2016,San Benito,52.285714321428536
1360,8,2016,San Bernardino,42.81787084729062
1361,8,2016,San Diego,64.45633795505617
1362,8,2016,San Joaquin,52.01034938709675
1363,8,2016,San Luis Obispo,68.73905359322032
1364,8,2016,Santa Barbara,78.78041107142849
1365,8,2016,Santa Clara,60.34326176363634
1366,8,2016,Shasta,44.746111066666614
1367,8,2016,Stanislaus,46.861021516129014
1368,8,2016,Sutter,40.63118277419352
1369,8,2016,Tehama,34.052222166666645
1370,8,2016,Tulare,36.69405894565215
1371,8,2016,Tuolumne,33.86478499999999
1372,8,2016,Ventura,64.11646084971095
1373,8,2016,Yolo,58.205914032258036
1374,9,2010,Butte,52.166537390243874
1375,9,2010,Del Norte,79.49041659999997
1376,9,2010,Fresno,49.475378772727254
1377,9,2010,Glenn,59.24402684615381
1378,9,2010,Humboldt,66.31624062499999
1379,9,2010,Imperial,34.215773857142835
1380,9,2010,Inyo,20.51360806477733
1381,9,2010,Kern,45.09883073255812
1382,9,2010,Lake,53.813492023809474
1383,9,2010,Los Angeles,63.72821640892189
1384,9,2010,Madera,51.25487705084742
1385,9,2010,Marin,84.91319456249998
1386,9,2010,Mariposa,44.95370369999999
1387,9,2010,Nevada,34.74695655999997
1388,9,2010,Orange,60.936002137254874
1389,9,2010,Placer,48.74861106666661
1390,9,2010,Riverside,42.76159282022472
1391,9,2010,Sacramento,53.620892786206845
1392,9,2010,San Benito,48.484195344827555
1393,9,2010,San Bernardino,39.684458527950284
1394,9,2010,San Diego,61.80099636249995
1395,9,2010,San Joaquin,53.30028731034478
1396,9,2010,Santa Barbara,70.28685892307689
1397,9,2010,Shasta,50.78205119230765
1398,9,2010,Tulare,45.017420626506
1399,9,2010,Ventura,61.296515877005305
1400,9,2011,Butte,49.07843136470584
1401,9,2011,Del Norte,83.98677255555553
1402,9,2011,Fresno,49.51199067777777
1403,9,2011,Glenn,59.70289856521738
1404,9,2011,Humboldt,63.770535749999965
1405,9,2011,Imperial,41.63582249999996
1406,9,2011,Inyo,25.92374935925925
1407,9,2011,Kern,42.93432201694911
1408,9,2011,Lake,47.415246204545426
1409,9,2011,Los Angeles,67.29829141596632
1410,9,2011,Madera,49.11033691379308
1411,9,2011,Marin,90.47222213333333
1412,9,2011,Mariposa,53.53343463440857
1413,9,2011,Nevada,31.697261115384602
1414,9,2011,Orange,67.84188033333332
1415,9,2011,Placer,45.99583336666662
1416,9,2011,Riverside,46.656745224770624
1417,9,2011,Sacramento,51.758100147651
1418,9,2011,San Benito,49.97126437931031
1419,9,2011,San Bernardino,48.000530808917155
1420,9,2011,San Diego,66.80813858974355
1421,9,2011,San Joaquin,54.57083339999997
1422,9,2011,Santa Barbara,78.04333335999999
1423,9,2011,Santa Clara,60.03641118367343
1424,9,2011,Shasta,46.063271592592564
1425,9,2011,Tulare,44.98120940963853
1426,9,2011,Ventura,69.22751296153842
1427,9,2012,Butte,43.62196970909089
1428,9,2012,Del Norte,83.27242427272724
1429,9,2012,Fresno,40.33180354444442
1430,9,2012,Glenn,50.294999959999956
1431,9,2012,Humboldt,61.43943651724135
1432,9,2012,Imperial,45.694940464285686
1433,9,2012,Inyo,24.5699341047619
1434,9,2012,Kern,36.58364927906973
1435,9,2012,Lake,36.8526422926829
1436,9,2012,Los Angeles,54.833917397058855
1437,9,2012,Madera,43.72835460344824
1438,9,2012,Marin,89.96955126923075
1439,9,2012,Mariposa,37.648875179999976
1440,9,2012,Nevada,24.83854166666666
1441,9,2012,Orange,57.363392333333294
1442,9,2012,Placer,35.70972216666663
1443,9,2012,Riverside,40.2788609764706
1444,9,2012,Sacramento,45.869690853333324
1445,9,2012,San Benito,46.29885055172408
1446,9,2012,San Bernardino,38.21161447204967
1447,9,2012,San Diego,58.369471239999974
1448,9,2012,San Joaquin,50.148611099999954
1449,9,2012,Santa Barbara,75.56609193103446
1450,9,2012,Santa Clara,52.73497334782605
1451,9,2012,Shasta,37.54027776666663
1452,9,2012,Tulare,39.7412949220779
1453,9,2012,Ventura,56.97159089610385
1454,9,2013,Del Norte,82.22701155172413
1455,9,2013,Fresno,48.10346448314604
1456,9,2013,Humboldt,70.13688277777776
1457,9,2013,Inyo,27.042750786561253
1458,9,2013,Kern,44.89327485964908
1459,9,2013,Lake,56.27552084999998
1460,9,2013,Los Angeles,56.58236853090905
1461,9,2013,Madera,48.708104406779626
1462,9,2013,Marin,86.9384058695652
1463,9,2013,Mariposa,45.959347379999954
1464,9,2013,Orange,59.65401789285714
1465,9,2013,Riverside,42.78945663636364
1466,9,2013,Sacramento,56.29912469747895
1467,9,2013,San Benito,54.19305543333328
1468,9,2013,San Bernardino,40.47946087573962
1469,9,2013,San Diego,57.80581194520546
1470,9,2013,Santa Barbara,67.10267853571425
1471,9,2013,Santa Clara,52.49049219999997
1472,9,2013,Shasta,55.380747206896515
1473,9,2013,Tulare,47.05210549999997
1474,9,2013,Ventura,56.22316676397512
1475,9,2014,Del Norte,82.02032451724138
1476,9,2014,Fresno,48.66074011666663
1477,9,2014,Humboldt,62.03054586206895
1478,9,2014,Inyo,27.336933727272726
1479,9,2014,Kern,41.965972249999965
1480,9,2014,Lake,49.9264069220779
1481,9,2014,Los Angeles,57.670905508928556
1482,9,2014,Madera,48.06681031034479
1483,9,2014,Mariposa,39.60763891666666
1484,9,2014,Orange,62.32115384615384
1485,9,2014,Riverside,45.19055813190182
1486,9,2014,Sacramento,55.615803881355916
1487,9,2014,San Benito,55.56447366666665
1488,9,2014,San Bernardino,45.89529723602481
1489,9,2014,San Diego,61.15204576388888
1490,9,2014,Santa Barbara,69.3425926296296
1491,9,2014,Santa Clara,56.24127917391303
1492,9,2014,Shasta,43.14508924999998
1493,9,2014,Tulare,45.29131524999998
1494,9,2014,Ventura,59.64282244871792
1495,9,2015,Amador,42.336587266666655
1496,9,2015,Butte,44.031073457627095
1497,9,2015,Calaveras,40.405555599999985
1498,9,2015,Colusa,50.089062107142844
1499,9,2015,Fresno,41.34675142372879
1500,9,2015,Glenn,48.49092267857139
1501,9,2015,Inyo,23.524735400000004
1502,9,2015,Kern,37.466101661016914
1503,9,2015,Lake,42.989899030303
1504,9,2015,Los Angeles,58.663323632231375
1505,9,2015,Madera,42.13749999999997
1506,9,2015,Mariposa,35.8653846153846
1507,9,2015,Orange,58.50495539285713
1508,9,2015,Riverside,46.79895044802868
1509,9,2015,Sacramento,45.9649037793103
1510,9,2015,San Benito,43.168055599999974
1511,9,2015,San Bernardino,43.930122911627876
1512,9,2015,San Diego,62.472649958333335
1513,9,2015,San Joaquin,44.17305549999999
1514,9,2015,San Luis Obispo,57.89271926315787
1515,9,2015,Santa Barbara,68.31277869230767
1516,9,2015,Santa Clara,55.75836957999997
1517,9,2015,Shasta,47.44642857142852
1518,9,2015,Tulare,40.717250719512165
1519,9,2015,Ventura,59.41292928666663
1520,9,2016,Amador,47.41694436666664
1521,9,2016,Butte,43.83517444186043
1522,9,2016,Calaveras,45.56041659999997
1523,9,2016,Colusa,51.51013886666666
1524,9,2016,El Dorado,38.49512011711708
1525,9,2016,Fresno,41.40772741860464
1526,9,2016,Glenn,51.23611107407408
1527,9,2016,Inyo,21.678750323999996
1528,9,2016,Kern,35.885883520710046
1529,9,2016,Lake,42.35700755681816
1530,9,2016,Los Angeles,58.78251291477268
1531,9,2016,Madera,43.70138884999995
1532,9,2016,Mariposa,34.621188437499974
1533,9,2016,Orange,60.71500001333334
1534,9,2016,Placer,42.32822419230767
1535,9,2016,Riverside,38.70527419771861
1536,9,2016,Sacramento,48.65350140336131
1537,9,2016,San Benito,46.061912172413756
1538,9,2016,San Bernardino,43.21227612087909
1539,9,2016,San Diego,61.62819411842106
1540,9,2016,San Joaquin,48.28705141379307
1541,9,2016,San Luis Obispo,60.52880749999998
1542,9,2016,Santa Barbara,69.7628360759493
1543,9,2016,Santa Clara,54.956634916666644
1544,9,2016,Shasta,44.87638879999995
1545,9,2016,Stanislaus,44.28291659999998
1546,9,2016,Sutter,42.07392243103446
1547,9,2016,Tehama,33.60756306666664
1548,9,2016,Tulare,38.56114964197529
1549,9,2016,Tuolumne,39.71777783333332
1550,9,2016,Ventura,55.25732318787873
1551,9,2016,Yolo,51.94017857142855
1552,10,2010,Butte,62.82558145348834
1553,10,2010,Del Norte,80.11986616666665
1554,10,2010,Fresno,63.032341255555515
1555,10,2010,Glenn,65.0540123333333
1556,10,2010,Humboldt,78.96762256249998
1557,10,2010,Imperial,52.70555553333328
1558,10,2010,Inyo,43.528827960869556
1559,10,2010,Kern,60.04460039285711
1560,10,2010,Lake,64.27183715492954
1561,10,2010,Los Angeles,71.628611655303
1562,10,2010,Madera,62.037832183333315
1563,10,2010,Marin,82.70619239130433
1564,10,2010,Mariposa,63.74132805405403
1565,10,2010,Nevada,52.64270839999998
1566,10,2010,Orange,68.43962589795917
1567,10,2010,Placer,64.0089992580645
1568,10,2010,Riverside,63.22134238461532
1569,10,2010,Sacramento,63.88821720805366
1570,10,2010,San Benito,62.55555559259257
1571,10,2010,San Bernardino,63.36212160447755
1572,10,2010,San Diego,73.15805502898544
1573,10,2010,San Joaquin,63.41944443333332
1574,10,2010,Santa Barbara,74.53846149999998
1575,10,2010,Shasta,66.75462966666663
1576,10,2010,Tulare,64.9849415949367
1577,10,2010,Ventura,72.14071090229876
1578,10,2011,Butte,64.88697309195395
1579,10,2011,Del Norte,87.35997028571428
1580,10,2011,Fresno,66.21057274999997
1581,10,2011,Glenn,67.53044861538459
1582,10,2011,Humboldt,79.35354937037036
1583,10,2011,Imperial,37.31249996666664
1584,10,2011,Inyo,27.175623074193542
1585,10,2011,Kern,60.08456439999998
1586,10,2011,Lake,69.92979453424655
1587,10,2011,Los Angeles,63.16738744664024
1588,10,2011,Madera,66.22377029508195
1589,10,2011,Marin,82.71431154999999
1590,10,2011,Mariposa,60.84108530232556
1591,10,2011,Nevada,48.8055555333333
1592,10,2011,Orange,60.23958337499999
1593,10,2011,Placer,62.328666719999966
1594,10,2011,Riverside,43.39159032558136
1595,10,2011,Sacramento,67.7228794316546
1596,10,2011,San Benito,59.70573599999996
1597,10,2011,San Bernardino,45.931468043478226
1598,10,2011,San Diego,59.51075341025637
1599,10,2011,San Joaquin,66.02873562068963
1600,10,2011,Santa Barbara,71.67499999999997
1601,10,2011,Santa Clara,61.516329263157864
1602,10,2011,Shasta,64.778504037037
1603,10,2011,Tulare,59.58533845000001
1604,10,2011,Ventura,58.656189981927696
1605,10,2012,Butte,62.03086424074071
1606,10,2012,Del Norte,85.01206924999997
1607,10,2012,Fresno,58.15916736363635
1608,10,2012,Glenn,59.6077586551724
1609,10,2012,Humboldt,75.65658816666664
1610,10,2012,Imperial,40.79885065517237
1611,10,2012,Inyo,28.756899751655624
1612,10,2012,Kern,53.21818398901097
1613,10,2012,Lake,63.820512833333304
1614,10,2012,Los Angeles,60.669016092741934
1615,10,2012,Madera,57.622087106382935
1616,10,2012,Marin,82.83152178260868
1617,10,2012,Mariposa,58.34207975510202
1618,10,2012,Nevada,47.23148144444441
1619,10,2012,Orange,57.44429266666666
1620,10,2012,Riverside,44.3373183786008
1621,10,2012,Sacramento,63.474764376712265
1622,10,2012,San Benito,60.85482316666663
1623,10,2012,San Bernardino,44.626597267080754
1624,10,2012,San Diego,59.66166214999997
1625,10,2012,San Joaquin,62.36290322580643
1626,10,2012,Santa Barbara,68.03395066666664
1627,10,2012,Santa Clara,51.18125007142853
1628,10,2012,Shasta,61.829999959999995
1629,10,2012,Tulare,57.290036054794506
1630,10,2012,Ventura,56.71281643670877
1631,10,2013,Del Norte,82.16480957692306
1632,10,2013,Fresno,51.95954808620687
1633,10,2013,Humboldt,72.43764362068967
1634,10,2013,Inyo,26.07468179702971
1635,10,2013,Kern,48.40792980645157
1636,10,2013,Lake,48.246168597701136
1637,10,2013,Los Angeles,57.37913511244973
1638,10,2013,Madera,50.57790947540982
1639,10,2013,Marin,75.50892857142856
1640,10,2013,Mariposa,46.559441604651134
1641,10,2013,Orange,59.845383660377344
1642,10,2013,Riverside,43.86200915015014
1643,10,2013,Sacramento,50.19300227499994
1644,10,2013,San Benito,51.188840607142836
1645,10,2013,San Bernardino,43.40190987951805
1646,10,2013,San Diego,59.001884053333306
1647,10,2013,Santa Barbara,65.84523803571427
1648,10,2013,Santa Clara,43.05391552173908
1649,10,2013,Shasta,51.685897384615345
1650,10,2013,Tulare,46.60806947368419
1651,10,2013,Ventura,57.67625716883108
1652,10,2014,Del Norte,84.548939
1653,10,2014,Fresno,54.83676350847454
1654,10,2014,Humboldt,79.34838299999998
1655,10,2014,Inyo,22.62156503864734
1656,10,2014,Kern,50.316918704917995
1657,10,2014,Lake,61.09176584523807
1658,10,2014,Los Angeles,58.96763369892469
1659,10,2014,Madera,52.297345868852425
1660,10,2014,Mariposa,42.119374526315774
1661,10,2014,Orange,60.57847833999998
1662,10,2014,Riverside,43.43896219687501
1663,10,2014,Sacramento,56.636488550847446
1664,10,2014,San Benito,50.48576599999998
1665,10,2014,San Bernardino,43.12887859770115
1666,10,2014,San Diego,58.38595491139237
1667,10,2014,Santa Barbara,68.11728399999996
1668,10,2014,Santa Clara,57.04225955999998
1669,10,2014,Shasta,63.50868058333332
1670,10,2014,Tulare,45.10853226027395
1671,10,2014,Ventura,57.560717447058764
1672,10,2015,Amador,60.82580641935483
1673,10,2015,Butte,51.19486607142856
1674,10,2015,Calaveras,58.94677422580642
1675,10,2015,Colusa,55.50258617241378
1676,10,2015,Fresno,59.31069448333332
1677,10,2015,Glenn,51.9626436551724
1678,10,2015,Inyo,39.9855062238095
1679,10,2015,Kern,55.38254146296295
1680,10,2015,Lake,53.758487611111086
1681,10,2015,Los Angeles,57.90993245531914
1682,10,2015,Madera,60.5355191639344
1683,10,2015,Mariposa,49.60548944444443
1684,10,2015,Orange,60.27770284931505
1685,10,2015,Riverside,48.80260735335691
1686,10,2015,Sacramento,55.35771920134221
1687,10,2015,San Benito,56.90138879999995
1688,10,2015,San Bernardino,49.20886318749995
1689,10,2015,San Diego,65.03002606249997
1690,10,2015,San Joaquin,56.17402766666665
1691,10,2015,San Luis Obispo,65.77013891666665
1692,10,2015,Santa Barbara,64.33762399999998
1693,10,2015,Santa Clara,61.50643817307689
1694,10,2015,Shasta,61.04694565384612
1695,10,2015,Sutter,52.55771736666664
1696,10,2015,Tulare,57.43855230769228
1697,10,2015,Ventura,54.70153812121207
1698,10,2016,Amador,66.95361106666665
1699,10,2016,Butte,65.05269661797752
1700,10,2016,Calaveras,67.29263893333332
1701,10,2016,Colusa,68.03447223333332
1702,10,2016,El Dorado,61.1717450973451
1703,10,2016,Fresno,56.75636290804595
1704,10,2016,Glenn,65.4211309642857
1705,10,2016,Inyo,27.266692412639348
1706,10,2016,Kern,54.702335905027915
1707,10,2016,Lake,70.84047619999996
1708,10,2016,Los Angeles,58.938012288888864
1709,10,2016,Madera,61.56880079310343
1710,10,2016,Mariposa,58.466889499999986
1711,10,2016,Orange,60.93818077450976
1712,10,2016,Placer,62.7499939333333
1713,10,2016,Riverside,44.89382127659572
1714,10,2016,Sacramento,66.58554008771928
1715,10,2016,San Benito,58.436781586206855
1716,10,2016,San Bernardino,48.327131767195716
1717,10,2016,San Diego,58.83341168421048
1718,10,2016,San Joaquin,66.06815176666666
1719,10,2016,San Luis Obispo,66.871418122807
1720,10,2016,Santa Barbara,68.67520804225347
1721,10,2016,Santa Clara,56.98987516666663
1722,10,2016,Shasta,73.56624779999997
1723,10,2016,Stanislaus,61.7767472580645
1724,10,2016,Sutter,64.74708303389829
1725,10,2016,Tehama,61.44902783333331
1726,10,2016,Tulare,52.112275308411235
1727,10,2016,Tuolumne,60.131250035714274
1728,10,2016,Ventura,55.53132453797463
1729,10,2016,Yolo,65.88467741935482
1730,11,2010,Butte,67.77813444999995
1731,11,2010,Del Norte,82.60135715999996
1732,11,2010,Fresno,77.14038391025635
1733,11,2010,Glenn,65.16235634482754
1734,11,2010,Humboldt,83.41333345000001
1735,11,2010,Imperial,43.73511910714285
1736,11,2010,Inyo,34.11470257370517
1737,11,2010,Kern,72.21566087931033
1738,11,2010,Lake,73.02748225531913
1739,11,2010,Los Angeles,53.64579318992247
1740,11,2010,Madera,73.91873754237287
1741,11,2010,Marin,86.15600357142853
1742,11,2010,Mariposa,58.69965279166664
1743,11,2010,Orange,49.17006797959182
1744,11,2010,Placer,70.7780582962963
1745,11,2010,Riverside,48.49159193721972
1746,11,2010,Sacramento,73.87081459854006
1747,11,2010,San Benito,63.98526063999995
1748,11,2010,San Bernardino,50.82782258823527
1749,11,2010,San Diego,56.03894497368419
1750,11,2010,San Joaquin,72.2250001333333
1751,11,2010,Santa Barbara,65.22999999999998
1752,11,2010,Shasta,67.72048612499994
1753,11,2010,Tulare,71.60349614285705
1754,11,2010,Ventura,51.98623726136359
1755,11,2011,Butte,70.53344294736836
1756,11,2011,Del Norte,89.33227766666666
1757,11,2011,Fresno,74.7405207162162
1758,11,2011,Glenn,75.19444438095238
1759,11,2011,Humboldt,81.51039860869564
1760,11,2011,Imperial,51.7011493793103
1761,11,2011,Inyo,40.75401257679177
1762,11,2011,Kern,72.15469447826085
1763,11,2011,Lake,74.88867190624995
1764,11,2011,Los Angeles,61.246372003984014
1765,11,2011,Madera,76.34072862962964
1766,11,2011,Marin,81.01666663999998
1767,11,2011,Mariposa,54.29166674999998
1768,11,2011,Orange,56.74818839130433
1769,11,2011,Placer,74.19270837499998
1770,11,2011,Riverside,55.45531400450448
1771,11,2011,Sacramento,77.54822829921251
1772,11,2011,San Benito,63.423076999999964
1773,11,2011,San Bernardino,56.25977737068959
1774,11,2011,San Diego,65.43892695890408
1775,11,2011,San Joaquin,74.66358029629629
1776,11,2011,Santa Barbara,69.9290123333333
1777,11,2011,Santa Clara,58.84550457407404
1778,11,2011,Shasta,66.35822499999998
1779,11,2011,Tulare,68.29566943999994
1780,11,2011,Ventura,58.81449981818177
1781,11,2012,Butte,73.85740735555555
1782,11,2012,Del Norte,86.59317008333333
1783,11,2012,Fresno,70.8624983333333
1784,11,2012,Glenn,74.93402779166665
1785,11,2012,Humboldt,85.42102272727271
1786,11,2012,Imperial,45.86637934482754
1787,11,2012,Inyo,31.540213678431336
1788,11,2012,Kern,66.1478577093023
1789,11,2012,Lake,79.88347461016947
1790,11,2012,Los Angeles,63.729303586363564
1791,11,2012,Madera,75.20728387931032
1792,11,2012,Marin,80.06333336
1793,11,2012,Mariposa,57.47990778260868
1794,11,2012,Orange,61.72294514893616
1795,11,2012,Riverside,46.07028450892852
1796,11,2012,Sacramento,78.98559371153837
1797,11,2012,San Benito,70.03179107142854
1798,11,2012,San Bernardino,52.68706122764228
1799,11,2012,San Diego,63.21917739436617
1800,11,2012,San Joaquin,73.65895059259259
1801,11,2012,Santa Barbara,72.98913056521737
1802,11,2012,Santa Clara,47.66137559259254
1803,11,2012,Shasta,75.72206856521738
1804,11,2012,Tulare,64.39745060273968
1805,11,2012,Ventura,59.792137202898495
1806,11,2013,Del Norte,88.09850003999998
1807,11,2013,Fresno,64.39518574509803
1808,11,2013,Humboldt,80.80669588461538
1809,11,2013,Inyo,37.45833334999999
1810,11,2013,Kern,61.10700536206895
1811,11,2013,Lake,58.79938857499999
1812,11,2013,Los Angeles,54.789238571428506
1813,11,2013,Madera,62.64839298181817
1814,11,2013,Marin,73.82999999999997
1815,11,2013,Mariposa,48.20382218181817
1816,11,2013,Orange,54.9225081020408
1817,11,2013,Riverside,49.29361757288132
1818,11,2013,Sacramento,60.56473420754715
1819,11,2013,San Benito,59.6569443333333
1820,11,2013,San Bernardino,51.71006382677164
1821,11,2013,San Diego,59.00481993333331
1822,11,2013,Santa Barbara,67.64409716666663
1823,11,2013,Santa Clara,42.42344863999996
1824,11,2013,Shasta,64.9486216842105
1825,11,2013,Tulare,56.65005945098035
1826,11,2013,Ventura,51.61451179999995
1827,11,2014,Del Norte,85.04451039999998
1828,11,2014,Fresno,78.74444442222222
1829,11,2014,Humboldt,84.48380129166665
1830,11,2014,Inyo,27.869667943298953
1831,11,2014,Kern,72.80548391525423
1832,11,2014,Lake,77.03469324657529
1833,11,2014,Los Angeles,48.32454059217873
1834,11,2014,Madera,79.0466467173913
1835,11,2014,Mariposa,51.35144913043475
1836,11,2014,Orange,47.31166001818182
1837,11,2014,Riverside,39.74525294791665
1838,11,2014,Sacramento,77.5381329782608
1839,11,2014,San Benito,67.09077382142854
1840,11,2014,San Bernardino,44.85668054411764
1841,11,2014,San Diego,48.758689462499994
1842,11,2014,Santa Barbara,58.374999964285664
1843,11,2014,Santa Clara,60.30740609090907
1844,11,2014,Shasta,80.62678116666662
1845,11,2014,Tulare,66.69651867391302
1846,11,2014,Ventura,48.2590326217948
1847,11,2015,Amador,77.31696424999998
1848,11,2015,Butte,64.21658953703701
1849,11,2015,Calaveras,79.46350575862067
1850,11,2015,Colusa,69.13422610714285
1851,11,2015,Fresno,73.33037192727272
1852,11,2015,Glenn,63.51712962962961
1853,11,2015,Inyo,30.494862080645163
1854,11,2015,Kern,67.90675654464282
1855,11,2015,Lake,68.21586957999997
1856,11,2015,Los Angeles,41.88449253023256
1857,11,2015,Madera,76.92112879310343
1858,11,2015,Mariposa,56.710069583333286
1859,11,2015,Orange,42.84783578666665
1860,11,2015,Riverside,35.801468520446114
1861,11,2015,Sacramento,72.19888285496175
1862,11,2015,San Benito,72.20976999999998
1863,11,2015,San Bernardino,41.839148299999955
1864,11,2015,San Diego,50.47151481333332
1865,11,2015,San Joaquin,70.21925282758619
1866,11,2015,San Luis Obispo,64.54125003333331
1867,11,2015,Santa Barbara,49.02426059999996
1868,11,2015,Santa Clara,56.441402982456125
1869,11,2015,Shasta,80.19186718181817
1870,11,2015,Sutter,69.27988510344824
1871,11,2015,Tulare,70.39164718367346
1872,11,2015,Ventura,39.97750121290323
1873,11,2016,Amador,80.92669755555555
1874,11,2016,Butte,70.54795203389826
1875,11,2016,Calaveras,81.73701923076922
1876,11,2016,Colusa,80.83635055172414
1877,11,2016,El Dorado,64.43942903703704
1878,11,2016,Fresno,72.87426299999991
1879,11,2016,Glenn,80.3955458965517
1880,11,2016,Inyo,31.86519607450979
1881,11,2016,Kern,67.52373774850297
1882,11,2016,Lake,81.00995020895517
1883,11,2016,Los Angeles,50.094617482587054
1884,11,2016,Madera,76.82550911864404
1885,11,2016,Mariposa,50.41847813043475
1886,11,2016,Orange,52.47754224999995
1887,11,2016,Placer,75.53703699999997
1888,11,2016,Riverside,38.17123289041094
1889,11,2016,Sacramento,79.34106569230758
1890,11,2016,San Benito,72.31089742307691
1891,11,2016,San Bernardino,41.17156806962023
1892,11,2016,San Diego,48.97537879999999
1893,11,2016,San Joaquin,77.27578880000002
1894,11,2016,San Luis Obispo,72.83946970909088
1895,11,2016,Santa Barbara,66.8138803272727
1896,11,2016,Santa Clara,60.11561265454544
1897,11,2016,Shasta,82.44166675999998
1898,11,2016,Stanislaus,75.05694439999999
1899,11,2016,Sutter,78.91561303448273
1900,11,2016,Tulare,67.76658152631572
1901,11,2016,Tuolumne,70.66466048148146
1902,11,2016,Ventura,45.42589484563755
1903,11,2016,Yolo,78.27471268965515
1904,12,2010,Butte,81.35015882191772
1905,12,2010,Del Norte,81.80043103448273
1906,12,2010,Fresno,85.29836036764696
1907,12,2010,Glenn,80.67056861538461
1908,12,2010,Humboldt,86.13269234615383
1909,12,2010,Imperial,58.71130953571426
1910,12,2010,Inyo,54.02218187096773
1911,12,2010,Kern,81.42283949999998
1912,12,2010,Lake,90.90243904878048
1913,12,2010,Los Angeles,65.93920912499993
1914,12,2010,Madera,83.4192178679245
1915,12,2010,Marin,80.97727266666664
1916,12,2010,Mariposa,60.6924602380952
1917,12,2010,Orange,63.97575722916667
1918,12,2010,Placer,79.61486541379308
1919,12,2010,Riverside,62.255096257009285
1920,12,2010,Sacramento,86.05575434166654
1921,12,2010,San Benito,72.4662879375
1922,12,2010,San Bernardino,59.135111754545434
1923,12,2010,San Diego,69.50875599999995
1924,12,2010,San Joaquin,81.79613099999997
1925,12,2010,Santa Barbara,76.44142503703704
1926,12,2010,Shasta,82.3060383181818
1927,12,2010,Tulare,77.34888885333325
1928,12,2010,Ventura,65.42797619780214
1929,12,2011,Butte,55.8066123369565
1930,12,2011,Del Norte,87.92690862499998
1931,12,2011,Fresno,69.31526102409634
1932,12,2011,Glenn,55.87719299999998
1933,12,2011,Humboldt,80.13779760714286
1934,12,2011,Imperial,54.28888889999997
1935,12,2011,Inyo,28.0962806259259
1936,12,2011,Kern,69.07085346296294
1937,12,2011,Lake,57.25057076712328
1938,12,2011,Los Angeles,52.143743406593416
1939,12,2011,Madera,67.8518890491803
1940,12,2011,Marin,66.42129640740738
1941,12,2011,Mariposa,36.81666669999998
1942,12,2011,Orange,48.76827484210524
1943,12,2011,Placer,59.628560724137905
1944,12,2011,Riverside,45.27753228110597
1945,12,2011,Sacramento,70.62944139999995
1946,12,2011,San Benito,57.85937504166666
1947,12,2011,San Bernardino,44.01273677419354
1948,12,2011,San Diego,55.52072578313253
1949,12,2011,San Joaquin,67.84722226666663
1950,12,2011,Santa Barbara,65.44991819354837
1951,12,2011,Santa Clara,47.083333296296296
1952,12,2011,Shasta,50.36177248148144
1953,12,2011,Tulare,54.32928906329113
1954,12,2011,Ventura,43.83187462048192
1955,12,2012,Butte,77.02941174509802
1956,12,2012,Del Norte,89.40470966666663
1957,12,2012,Fresno,77.96165952459012
1958,12,2012,Glenn,76.81994049999999
1959,12,2012,Humboldt,86.47934782608694
1960,12,2012,Imperial,59.29166669999995
1961,12,2012,Inyo,43.84524723263887
1962,12,2012,Kern,76.77209784210524
1963,12,2012,Lake,82.84567907407406
1964,12,2012,Los Angeles,69.50270474137925
1965,12,2012,Madera,83.42708330769227
1966,12,2012,Marin,81.20500003999997
1967,12,2012,Mariposa,66.64583344999997
1968,12,2012,Orange,66.37416665999999
1969,12,2012,Riverside,61.47493097933884
1970,12,2012,Sacramento,83.47327901086945
1971,12,2012,San Benito,84.57051280769231
1972,12,2012,San Bernardino,64.52923668067223
1973,12,2012,San Diego,73.0224967466666
1974,12,2012,San Joaquin,78.41522979310345
1975,12,2012,Santa Barbara,72.58000007999995
1976,12,2012,Santa Clara,42.985576884615334
1977,12,2012,Shasta,76.51916654999998
1978,12,2012,Tulare,77.07100957142852
1979,12,2012,Ventura,65.47450568992238
1980,12,2013,Del Norte,84.38666133333332
1981,12,2013,Fresno,63.1190068275862
1982,12,2013,Humboldt,78.55729175
1983,12,2013,Inyo,30.88093095049505
1984,12,2013,Kern,64.19140531147539
1985,12,2013,Lake,55.85601263291139
1986,12,2013,Los Angeles,46.84989837500001
1987,12,2013,Madera,65.61065651666665
1988,12,2013,Marin,62.94871792307689
1989,12,2013,Mariposa,42.88117277777777
1990,12,2013,Orange,47.20359029090905
1991,12,2013,Riverside,42.267391841584164
1992,12,2013,Sacramento,63.97681187394955
1993,12,2013,San Benito,54.2808641481481
1994,12,2013,San Bernardino,44.47509017599999
1995,12,2013,San Diego,49.8651421168831
1996,12,2013,Santa Barbara,55.71279767857141
1997,12,2013,Santa Clara,33.25489465384614
1998,12,2013,Shasta,49.988095285714266
1999,12,2013,Tulare,59.07357253571428
2000,12,2013,Ventura,42.45881924489793
2001,12,2014,Del Norte,87.68052726086955
2002,12,2014,Fresno,85.05351867857142
2003,12,2014,Humboldt,87.89624755555555
2004,12,2014,Inyo,55.617472985148495
2005,12,2014,Kern,82.37575754545452
2006,12,2014,Lake,88.3006535294117
2007,12,2014,Los Angeles,64.54047597674413
2008,12,2014,Madera,82.08901515789472
2009,12,2014,Mariposa,59.53273810714281
2010,12,2014,Orange,66.40159572340423
2011,12,2014,Riverside,59.790581643636315
2012,12,2014,Sacramento,82.75152835999991
2013,12,2014,San Benito,79.37990194117644
2014,12,2014,San Bernardino,64.97730248148143
2015,12,2014,San Diego,70.6551132531645
2016,12,2014,Santa Barbara,70.42857139285712
2017,12,2014,Santa Clara,64.90235195918366
2018,12,2014,Shasta,80.29924245454544
2019,12,2014,Tulare,77.20374307999998
2020,12,2014,Ventura,65.90744802469126
2021,12,2015,Amador,76.80148704166665
2022,12,2015,Butte,73.54704538181817
2023,12,2015,Calaveras,82.1578869285714
2024,12,2015,Colusa,79.14051906666667
2025,12,2015,Fresno,78.4637681698113
2026,12,2015,Glenn,78.66426779999999
2027,12,2015,Humboldt,89.65915390909089
2028,12,2015,Inyo,34.92813704273504
2029,12,2015,Kern,72.90519906481474
2030,12,2015,Lake,85.63377192105263
2031,12,2015,Los Angeles,47.10644661674008
2032,12,2015,Madera,81.19217685714281
2033,12,2015,Mariposa,64.36260703571426
2034,12,2015,Orange,51.5755086338028
2035,12,2015,Riverside,42.13085777470354
2036,12,2015,Sacramento,77.81064053333326
2037,12,2015,San Benito,78.49845674074074
2038,12,2015,San Bernardino,48.64934159638549
2039,12,2015,San Diego,56.96825877464787
2040,12,2015,San Joaquin,76.73017237931032
2041,12,2015,San Luis Obispo,71.648735125
2042,12,2015,Santa Barbara,53.460997965517194
2043,12,2015,Santa Clara,57.70740944827585
2044,12,2015,Shasta,91.91268944999999
2045,12,2015,Sutter,76.21055549999998
2046,12,2015,Tulare,75.41875055102041
2047,12,2015,Ventura,47.57865695092025
2048,12,2016,Amador,86.36215279166665
2049,12,2016,Butte,72.30161689285715
2050,12,2016,Calaveras,87.32546303703703
2051,12,2016,Colusa,78.19538692857141
2052,12,2016,El Dorado,69.0671296111111
2053,12,2016,Fresno,81.99703286075939
2054,12,2016,Glenn,75.4521605185185
2055,12,2016,Inyo,42.372608140624955
2056,12,2016,Kern,79.1371151666666
2057,12,2016,Lake,74.34107145714285
2058,12,2016,Los Angeles,58.378171255813896
2059,12,2016,Madera,83.93009068518514
2060,12,2016,Mariposa,56.66666660714283
2061,12,2016,Orange,61.15855459292027
2062,12,2016,Placer,79.10225183870968
2063,12,2016,Riverside,52.158735891509416
2064,12,2016,Sacramento,81.47680978787866
2065,12,2016,San Benito,77.62849653846152
2066,12,2016,San Bernardino,59.61437840718555
2067,12,2016,San Diego,65.3337549333333
2068,12,2016,San Joaquin,77.64732611111107
2069,12,2016,San Luis Obispo,73.39992687719297
2070,12,2016,Santa Barbara,71.45196020779214
2071,12,2016,Santa Clara,56.61178017647057
2072,12,2016,Shasta,78.68229162499999
2073,12,2016,Stanislaus,76.6504310689655
2074,12,2016,Sutter,79.36305556666665
2075,12,2016,Tulare,80.11139137804868
2076,12,2016,Tuolumne,83.30633331999998
2077,12,2016,Ventura,58.825554895104844
2078,12,2016,Yolo,78.41770828571427
